,a,ä,ɑ,ɒ,æ,b,ḇ,β,c,č,ɔ,ɕ,ç,d,ḏ,,ḍ,,ð,e,ə,ɚ,ɛ,ɝ,f,g,ḡ,h,ʰ,ḥ,ḫ,ẖ,i,ɪ,ỉ,ɨ,j,,ʲ,ǰ,k,ḳ,ḵ,l,ḷ,ɬ,ɫ,m,n,ŋ,ṇ,ɲ,ɴ,o,ŏ,ɸ,θ,p,p̅,þ,,q,r,ɹ,ɾ,ʀ,ʁ,ṛ,s,š,ś,,,ṣ,,ʃ,t,ṭ,,ṯ,,ʨ,tʂ,u,ʊ,ŭ,ü,v,ʌ,ɣ,w,ʍ,x,χ,y,,ʸ,ʎ,z,ẓ,,ž,ʒ,’,‘,ʔ,ʕ,,$
^,0.007905642875986078,0.0,0.01866208269864098,0.0,0.024499834058088178,0.07490362604351933,0.0,0.0,0.0,0.0,0.008433253057160606,0.0,0.0,0.07166988622341738,0.0,0.0,0.0,0.0,0.0004595314481197505,0.004833590046889227,0.028439890733633448,0.0,0.022355353966862678,0.00411876334981406,0.04145994843035971,0.0,0.0,0.04877841223374833,0.0,0.0,0.0,0.0,0.0036507220600624623,0.028967500914807976,0.0,0.0,0.009794827718256164,0.0,0.0,0.0,0.09873118261269158,0.0,0.0,0.0,0.0,0.0,0.04604675306992537,0.07274212626903014,0.026057135076716222,0.0,0.0,0.0,0.0,0.012458408149024347,0.0,0.0,0.004876139255048464,0.058079669137357355,0.0,0.0,0.0,0.0,0.0,0.061772940405579055,0.0,0.0,0.0,0.0,0.09619524980640111,0.0,0.0,0.0,0.0,0.0,0.0,0.019742832585885578,0.047357268681229844,0.0,0.0,0.0,0.0,0.0,0.0,0.0015743207018917378,0.0008765136880802648,0.0,0.0,0.018611023648849895,0.0,0.0,0.02793781007735446,0.0,0.0,0.0,0.0,0.0,0.0,0.0,0.007301444120124925,0.0,0.0,0.0,0.0007063168554433201,0.0,0.0,0.0,0.0,0.0,0.0
a,0.0,0.0,0.0,0.0,0.0,0.0,0.0,0.0,0.0,0.0,0.0,0.0,0.0,0.0,0.0,0.0,0.0,0.0,0.0,0.0,0.0,0.0,0.0,0.0,0.0,0.0,0.0,0.0,0.0,0.0,0.0,0.0,0.0,0.7641306940138326,0.0,0.0,0.0,0.0,0.0,0.0,0.0,0.0,0.0,0.0,0.0,0.0,0.0,0.0,0.0,0.0,0.0,0.0,0.0,0.0,0.0,0.0,0.0,0.0,0.0,0.0,0.0,0.0,0.0,0.0,0.0,0.0,0.0,0.0,0.0,0.0,0.0,0.0,0.0,0.0,0.0,0.0,0.0,0.0,0.0,0.0,0.0,0.0,0.0,0.0,0.23586930598616743,0.0,0.0,0.0,0.0,0.0,0.0,0.0,0.0,0.0,0.0,0.0,0.0,0.0,0.0,0.0,0.0,0.0,0.0,0.0,0.0,0.0,0.0,0.0,0.0
ä,0.0,0.0,0.0,0.0,0.0,0.0,0.0,0.0,0.0,0.0,0.0,0.0,0.0,0.0,0.0,0.0,0.0,0.0,0.0,0.0,0.0,0.0,0.0,0.0,0.0,0.0,0.0,0.0,0.0,0.0,0.0,0.0,0.0,0.0,0.0,0.0,0.0,0.0,0.0,0.0,0.0,0.0,0.0,0.0,0.0,0.0,0.0,0.0,0.0,0.0,0.0,0.0,0.0,0.0,0.0,0.0,0.0,0.0,0.0,0.0,0.0,0.0,0.0,0.0,0.0,0.0,0.0,0.0,0.0,0.0,0.0,0.0,0.0,0.0,0.0,0.0,0.0,0.0,0.0,0.0,0.0,0.0,0.0,0.0,0.0,0.0,0.0,0.0,0.0,0.0,0.0,0.0,0.0,0.0,0.0,0.0,0.0,0.0,0.0,0.0,0.0,0.0,0.0,0.0,0.0,0.0,0.0,0.0,0.0
ɑ,8.777704630239193e-05,0.0,0.0015799868334430546,0.0,8.777704630239193e-05,0.025938117182356814,0.0,0.0,0.0,0.0,0.00039499670836076365,0.0,0.0,0.04331797235023042,0.0,0.0,0.0,0.0,0.001228878648233487,4.3888523151195965e-05,0.003818301514154049,0.0,0.00039499670836076365,0.001053324555628703,0.012025455343427693,0.0,0.0,0.0036427474215492647,0.0,0.0,0.0,0.0,0.0028088654816765418,0.0018872064955014263,0.0,0.0,0.002150537634408602,0.0,0.0,0.0,0.07145051569014703,0.0,0.0,0.0,0.0,0.0,0.10089971472459952,0.057801184990125085,0.1641430765854729,0.009918806232170287,0.0,0.0,0.0,0.0026333113890717576,0.0,0.0,0.0036427474215492647,0.036427474215492646,0.0,0.0,0.0,0.0,0.0,0.2578450735132763,0.0,0.0,0.0,0.0,0.04814570989686197,0.0,0.0,0.0,0.0,0.0,0.0,0.007329383366249726,0.06140004388852315,0.0,0.0,0.0,0.0,0.0,0.0,0.0012727671713846829,0.0,0.0,0.0,0.019091507570770244,0.0,0.0,0.0049594031160851435,0.0,0.0,0.0,0.0,0.0,0.0,0.0,0.014878209348255431,0.0,0.0,0.0,0.0019749835418038184,0.0,0.0,0.0,0.0,0.0,0.035725257845073514
ɒ,0.0,0.0,0.0,0.0,0.0,0.0,0.0,0.0,0.0,0.0,0.0,0.0,0.0,0.0,0.0,0.0,0.0,0.0,0.0,0.0,0.0,0.0,0.0,0.0,0.0,0.0,0.0,0.0,0.0,0.0,0.0,0.0,0.0,0.0,0.0,0.0,0.0,0.0,0.0,0.0,0.0,0.0,0.0,0.0,0.0,0.0,0.0,0.0,0.0,0.0,0.0,0.0,0.0,0.0,0.0,0.0,0.0,0.0,0.0,0.0,0.0,0.0,0.0,0.0,0.0,0.0,0.0,0.0,0.0,0.0,0.0,0.0,0.0,0.0,0.0,0.0,0.0,0.0,0.0,0.0,0.0,0.0,0.0,0.0,0.0,0.0,0.0,0.0,0.0,0.0,0.0,0.0,0.0,0.0,0.0,0.0,0.0,0.0,0.0,0.0,0.0,0.0,0.0,0.0,0.0,0.0,0.0,0.0,0.0
æ,5.2598358931201344e-05,0.0,0.00015779507679360404,0.0,0.00015779507679360404,0.029507679360403955,0.0,0.0,0.0,0.0,0.00015779507679360404,0.0,0.0,0.04996844098464128,0.0,0.0,0.0,0.0,0.002103934357248054,0.0,0.006995581737849779,0.0,0.00015779507679360404,0.0024721228697664635,0.030244056385440775,0.0,0.0,0.0024721228697664635,0.0,0.0,0.0,0.0,0.001209762255417631,0.0017357458447296444,0.0,0.0,0.0003155901535872081,0.0,0.0,0.0,0.11387544708605092,0.0,0.0,0.0,0.0,0.0,0.09783294761203451,0.08389438249526615,0.24915842625710077,0.04507679360403955,0.0,0.0,0.0,0.00010519671786240269,0.0,0.0,0.011466442247001893,0.03787081843046497,0.0,0.0,0.0,0.0,0.0,0.021354933726067747,0.0,0.0,0.0,0.0,0.07847675152535241,0.0,0.0,0.0,0.0,0.0,0.0,0.019829581317062906,0.07579423521986114,0.0,0.0,0.0,0.0,0.0,0.0,0.00010519671786240269,5.2598358931201344e-05,0.0,0.0,0.016095097832947613,0.0,0.0,0.0009993688196928256,0.0,0.0,0.0,0.0,0.0,0.0,0.0,0.011992425836313906,0.0,0.0,0.0,0.0003155901535872081,0.0,0.0,0.0,0.0,0.0,0.007994950557542605
b,0.03161303587951064,0.0,0.06841780610671327,0.0,0.05479592885781844,0.0,0.0,0.0,0.0,0.0,0.0403515986429526,0.0,0.0,0.005705767451423872,0.0,0.0,0.0,0.0,0.0,0.02220623008121723,0.1284054693122237,0.0,0.0682635961755937,0.12110619923923101,0.00035982317261231626,0.0,0.0,0.0008224529659710086,0.0,0.0,0.0,0.0,0.055772591754909014,0.06816078955484733,0.0,0.0,0.012593811041431069,0.0,0.0,0.0,0.00262156882903259,0.0,0.0,0.0,0.0,0.0,0.058959596998046676,0.002056132414927521,0.0020047291045543333,0.0,0.0,0.0,0.0,0.040711421815564926,0.0,0.0,0.00010280662074637607,0.00035982317261231626,0.0,0.0,0.0,0.0,0.0,0.1151434152359412,0.0,0.0,0.0,0.0,0.010537678626503547,0.0,0.0,0.0,0.0,0.0,0.0,0.00035982317261231626,0.001593502621568829,0.0,0.0,0.0,0.0,0.0,0.0,0.01439292690449265,0.016551865940166548,0.0,0.0,0.0008738562763441966,0.0,0.0,0.0017991158630615812,0.0,0.0,0.0,0.0,0.0,0.0,0.0,0.011925568006579623,0.0,0.0,0.0,0.0,0.0,0.0,0.0,0.0,0.0,0.04143106816078956
ḇ,0.0,0.0,0.0,0.0,0.0,0.0,0.0,0.0,0.0,0.0,0.0,0.0,0.0,0.0,0.0,0.0,0.0,0.0,0.0,0.0,0.0,0.0,0.0,0.0,0.0,0.0,0.0,0.0,0.0,0.0,0.0,0.0,0.0,0.0,0.0,0.0,0.0,0.0,0.0,0.0,0.0,0.0,0.0,0.0,0.0,0.0,0.0,0.0,0.0,0.0,0.0,0.0,0.0,0.0,0.0,0.0,0.0,0.0,0.0,0.0,0.0,0.0,0.0,0.0,0.0,0.0,0.0,0.0,0.0,0.0,0.0,0.0,0.0,0.0,0.0,0.0,0.0,0.0,0.0,0.0,0.0,0.0,0.0,0.0,0.0,0.0,0.0,0.0,0.0,0.0,0.0,0.0,0.0,0.0,0.0,0.0,0.0,0.0,0.0,0.0,0.0,0.0,0.0,0.0,0.0,0.0,0.0,0.0,0.0
β,0.0,0.0,0.0,0.0,0.0,0.0,0.0,0.0,0.0,0.0,0.0,0.0,0.0,0.0,0.0,0.0,0.0,0.0,0.0,0.0,0.0,0.0,0.0,0.0,0.0,0.0,0.0,0.0,0.0,0.0,0.0,0.0,0.0,0.0,0.0,0.0,0.0,0.0,0.0,0.0,0.0,0.0,0.0,0.0,0.0,0.0,0.0,0.0,0.0,0.0,0.0,0.0,0.0,0.0,0.0,0.0,0.0,0.0,0.0,0.0,0.0,0.0,0.0,0.0,0.0,0.0,0.0,0.0,0.0,0.0,0.0,0.0,0.0,0.0,0.0,0.0,0.0,0.0,0.0,0.0,0.0,0.0,0.0,0.0,0.0,0.0,0.0,0.0,0.0,0.0,0.0,0.0,0.0,0.0,0.0,0.0,0.0,0.0,0.0,0.0,0.0,0.0,0.0,0.0,0.0,0.0,0.0,0.0,0.0
c,0.0,0.0,0.0,0.0,0.0,0.0,0.0,0.0,0.0,0.0,0.0,0.0,0.0,0.0,0.0,0.0,0.0,0.0,0.0,0.0,0.0,0.0,0.0,0.0,0.0,0.0,0.0,0.0,0.0,0.0,0.0,0.0,0.0,0.0,0.0,0.0,0.0,0.0,0.0,0.0,0.0,0.0,0.0,0.0,0.0,0.0,0.0,0.0,0.0,0.0,0.0,0.0,0.0,0.0,0.0,0.0,0.0,0.0,0.0,0.0,0.0,0.0,0.0,0.0,0.0,0.0,0.0,0.0,0.0,0.0,0.0,0.0,0.0,0.0,0.0,0.0,0.0,0.0,0.0,0.0,0.0,0.0,0.0,0.0,0.0,0.0,0.0,0.0,0.0,0.0,0.0,0.0,0.0,0.0,0.0,0.0,0.0,0.0,0.0,0.0,0.0,0.0,0.0,0.0,0.0,0.0,0.0,0.0,0.0
č,0.0,0.0,0.0,0.0,0.0,0.0,0.0,0.0,0.0,0.0,0.0,0.0,0.0,0.0,0.0,0.0,0.0,0.0,0.0,0.0,0.0,0.0,0.0,0.0,0.0,0.0,0.0,0.0,0.0,0.0,0.0,0.0,0.0,0.0,0.0,0.0,0.0,0.0,0.0,0.0,0.0,0.0,0.0,0.0,0.0,0.0,0.0,0.0,0.0,0.0,0.0,0.0,0.0,0.0,0.0,0.0,0.0,0.0,0.0,0.0,0.0,0.0,0.0,0.0,0.0,0.0,0.0,0.0,0.0,0.0,0.0,0.0,0.0,0.0,0.0,0.0,0.0,0.0,0.0,0.0,0.0,0.0,0.0,0.0,0.0,0.0,0.0,0.0,0.0,0.0,0.0,0.0,0.0,0.0,0.0,0.0,0.0,0.0,0.0,0.0,0.0,0.0,0.0,0.0,0.0,0.0,0.0,0.0,0.0
ɔ,8.597713008339781e-05,0.0,0.0,0.0,8.597713008339781e-05,0.006792193276588428,0.0,0.0,0.0,0.0,8.597713008339781e-05,0.0,0.0,0.021064396870432465,0.0,0.0,0.0,0.0,0.00017195426016679562,0.0,0.002407359642335139,0.0,0.00017195426016679562,0.0017195426016679562,0.055111340383458,0.0,0.0,0.0006878170406671825,0.0,0.0,0.0,0.0,0.0011177026910841716,0.0982718596853237,0.0,0.0,0.0012036798211675695,0.0,0.0,0.0,0.023127847992434013,0.0,0.0,0.0,0.0,0.0,0.10033531080732525,0.006964147536755223,0.03817384575702863,0.02115037400051586,0.0,0.0,0.0,8.597713008339781e-05,0.0,0.0,0.009371507179090362,0.004814719284670278,0.0,0.0,0.0,0.0,0.0,0.46410454819018143,0.0,0.0,0.0,0.0,0.038947639927779214,0.0,0.0,0.0,0.0,0.0,0.0,0.005244604935087267,0.03370303499269194,0.0,0.0,0.0,0.0,0.0,0.0,0.0,0.0,0.0,0.0,0.003095176683002321,0.0,0.0,0.0006878170406671825,0.0,0.0,0.0,0.0,0.0,0.0,0.0,0.012810592382426274,0.0,0.0,0.0,8.597713008339781e-05,0.0,0.0,0.0,0.0,0.0,0.048319147106869575
ɕ,0.0,0.0,0.0,0.0,0.0,0.0,0.0,0.0,0.0,0.0,0.0,0.0,0.0,0.0,0.0,0.0,0.0,0.0,0.0,0.0,0.0,0.0,0.0,0.0,0.0,0.0,0.0,0.0,0.0,0.0,0.0,0.0,0.0,0.0,0.0,0.0,0.0,0.0,0.0,0.0,0.0,0.0,0.0,0.0,0.0,0.0,0.0,0.0,0.0,0.0,0.0,0.0,0.0,0.0,0.0,0.0,0.0,0.0,0.0,0.0,0.0,0.0,0.0,0.0,0.0,0.0,0.0,0.0,0.0,0.0,0.0,0.0,0.0,0.0,0.0,0.0,0.0,0.0,0.0,0.0,0.0,0.0,0.0,0.0,0.0,0.0,0.0,0.0,0.0,0.0,0.0,0.0,0.0,0.0,0.0,0.0,0.0,0.0,0.0,0.0,0.0,0.0,0.0,0.0,0.0,0.0,0.0,0.0,0.0
ç,0.0,0.0,0.0,0.0,0.0,0.0,0.0,0.0,0.0,0.0,0.0,0.0,0.0,0.0,0.0,0.0,0.0,0.0,0.0,0.0,0.0,0.0,0.0,0.0,0.0,0.0,0.0,0.0,0.0,0.0,0.0,0.0,0.0,0.0,0.0,0.0,0.0,0.0,0.0,0.0,0.0,0.0,0.0,0.0,0.0,0.0,0.0,0.0,0.0,0.0,0.0,0.0,0.0,0.0,0.0,0.0,0.0,0.0,0.0,0.0,0.0,0.0,0.0,0.0,0.0,0.0,0.0,0.0,0.0,0.0,0.0,0.0,0.0,0.0,0.0,0.0,0.0,0.0,0.0,0.0,0.0,0.0,0.0,0.0,0.0,0.0,0.0,0.0,0.0,0.0,0.0,0.0,0.0,0.0,0.0,0.0,0.0,0.0,0.0,0.0,0.0,0.0,0.0,0.0,0.0,0.0,0.0,0.0,0.0
d,0.017652577523207584,0.0,0.019183290539206005,0.0,0.011307525182698005,0.004295872012640727,0.0,0.0,0.0,0.0,0.012591349002567647,0.0,0.0,0.0002962670353545329,0.0,0.0,0.0,0.0,0.0,0.013751728224372902,0.07732569622753309,0.0,0.03291032984396603,0.04248963065376259,0.002962670353545329,0.0,0.0,0.0027404700770294293,0.0,0.0,0.0,0.0,0.04374876555401935,0.08949733359668181,0.0,0.0,0.0009628678649022319,0.0,0.0,0.0,0.0032095595496741064,0.0,0.0,0.0,0.0,0.0,0.011653170057278294,0.006912897491605768,0.004567450128382382,0.0,0.0,0.0,0.0,0.019183290539206005,0.0,0.0,0.0002468891961287774,0.001234445980643887,0.0,0.0,0.0,0.0,0.0,0.028145368358680624,0.0,0.0,0.0,0.0,0.006394430179735335,0.0,0.0,0.0,0.0,0.0,0.0,0.0009381789452893542,0.001333201659095398,0.0,0.0,0.0,0.0,0.0,0.0,0.010640924353150305,0.0016047797748370532,0.0,0.0,0.002370136282836263,0.0,0.0,0.006024096385542169,0.0,0.0,0.0,0.0,0.0,0.0,0.0,0.03049081572190401,0.0,0.0,0.0,0.1295674501283824,0.0,0.0,0.0,0.0,0.0,0.36376654157614063
ḏ,0.0,0.0,0.0,0.0,0.0,0.0,0.0,0.0,0.0,0.0,0.0,0.0,0.0,0.0,0.0,0.0,0.0,0.0,0.0,0.0,0.0,0.0,0.0,0.0,0.0,0.0,0.0,0.0,0.0,0.0,0.0,0.0,0.0,0.0,0.0,0.0,0.0,0.0,0.0,0.0,0.0,0.0,0.0,0.0,0.0,0.0,0.0,0.0,0.0,0.0,0.0,0.0,0.0,0.0,0.0,0.0,0.0,0.0,0.0,0.0,0.0,0.0,0.0,0.0,0.0,0.0,0.0,0.0,0.0,0.0,0.0,0.0,0.0,0.0,0.0,0.0,0.0,0.0,0.0,0.0,0.0,0.0,0.0,0.0,0.0,0.0,0.0,0.0,0.0,0.0,0.0,0.0,0.0,0.0,0.0,0.0,0.0,0.0,0.0,0.0,0.0,0.0,0.0,0.0,0.0,0.0,0.0,0.0,0.0
,0.0,0.0,0.0,0.0,0.0,0.0,0.0,0.0,0.0,0.0,0.0,0.0,0.0,0.0,0.0,0.0,0.0,0.0,0.0,0.0,0.0,0.0,0.0,0.0,0.0,0.0,0.0,0.0,0.0,0.0,0.0,0.0,0.0,0.0,0.0,0.0,0.0,0.0,0.0,0.0,0.0,0.0,0.0,0.0,0.0,0.0,0.0,0.0,0.0,0.0,0.0,0.0,0.0,0.0,0.0,0.0,0.0,0.0,0.0,0.0,0.0,0.0,0.0,0.0,0.0,0.0,0.0,0.0,0.0,0.0,0.0,0.0,0.0,0.0,0.0,0.0,0.0,0.0,0.0,0.0,0.0,0.0,0.0,0.0,0.0,0.0,0.0,0.0,0.0,0.0,0.0,0.0,0.0,0.0,0.0,0.0,0.0,0.0,0.0,0.0,0.0,0.0,0.0,0.0,0.0,0.0,0.0,0.0,0.0
ḍ,0.0,0.0,0.0,0.0,0.0,0.0,0.0,0.0,0.0,0.0,0.0,0.0,0.0,0.0,0.0,0.0,0.0,0.0,0.0,0.0,0.0,0.0,0.0,0.0,0.0,0.0,0.0,0.0,0.0,0.0,0.0,0.0,0.0,0.0,0.0,0.0,0.0,0.0,0.0,0.0,0.0,0.0,0.0,0.0,0.0,0.0,0.0,0.0,0.0,0.0,0.0,0.0,0.0,0.0,0.0,0.0,0.0,0.0,0.0,0.0,0.0,0.0,0.0,0.0,0.0,0.0,0.0,0.0,0.0,0.0,0.0,0.0,0.0,0.0,0.0,0.0,0.0,0.0,0.0,0.0,0.0,0.0,0.0,0.0,0.0,0.0,0.0,0.0,0.0,0.0,0.0,0.0,0.0,0.0,0.0,0.0,0.0,0.0,0.0,0.0,0.0,0.0,0.0,0.0,0.0,0.0,0.0,0.0,0.0
,0.0,0.0,0.0,0.0,0.0,0.0,0.0,0.0,0.0,0.0,0.0,0.0,0.0,0.0,0.0,0.0,0.0,0.0,0.0,0.0,0.0,0.0,0.0,0.0,0.0,0.0,0.0,0.0,0.0,0.0,0.0,0.0,0.0,0.0,0.0,0.0,0.0,0.0,0.0,0.0,0.0,0.0,0.0,0.0,0.0,0.0,0.0,0.0,0.0,0.0,0.0,0.0,0.0,0.0,0.0,0.0,0.0,0.0,0.0,0.0,0.0,0.0,0.0,0.0,0.0,0.0,0.0,0.0,0.0,0.0,0.0,0.0,0.0,0.0,0.0,0.0,0.0,0.0,0.0,0.0,0.0,0.0,0.0,0.0,0.0,0.0,0.0,0.0,0.0,0.0,0.0,0.0,0.0,0.0,0.0,0.0,0.0,0.0,0.0,0.0,0.0,0.0,0.0,0.0,0.0,0.0,0.0,0.0,0.0
ð,0.0225140712945591,0.0,0.00375234521575985,0.0,0.0075046904315197,0.0,0.0,0.0,0.0,0.0,0.001876172607879925,0.0,0.0,0.01876172607879925,0.0,0.0,0.0,0.0,0.0,0.0075046904315197,0.05628517823639775,0.0,0.0450281425891182,0.5290806754221389,0.0,0.0,0.0,0.0,0.0,0.0,0.0,0.0,0.08818011257035648,0.039399624765478425,0.0,0.0,0.005628517823639775,0.0,0.0,0.0,0.0,0.0,0.0,0.0,0.0,0.0,0.001876172607879925,0.009380863039399626,0.001876172607879925,0.0,0.0,0.0,0.0,0.009380863039399626,0.0,0.0,0.0,0.0,0.0,0.0,0.0,0.0,0.0,0.001876172607879925,0.0,0.0,0.0,0.0,0.0,0.0,0.0,0.0,0.0,0.0,0.0,0.0,0.0,0.0,0.0,0.0,0.0,0.0,0.0,0.001876172607879925,0.0,0.0,0.0,0.0,0.0,0.0,0.001876172607879925,0.0,0.0,0.0,0.0,0.0,0.0,0.0,0.0150093808630394,0.0,0.0,0.0,0.0,0.0,0.0,0.0,0.0,0.0,0.13133208255159476
e,0.0,0.0,0.0,0.0,0.0,0.0,0.0,0.0,0.0,0.0,0.0,0.0,0.0,0.0,0.0,0.0,0.0,0.0,0.0,0.0,0.0,0.0,0.0,0.0,0.0,0.0,0.0,0.0,0.0,0.0,0.0,0.0,0.0,1.0,0.0,0.0,0.0,0.0,0.0,0.0,0.0,0.0,0.0,0.0,0.0,0.0,0.0,0.0,0.0,0.0,0.0,0.0,0.0,0.0,0.0,0.0,0.0,0.0,0.0,0.0,0.0,0.0,0.0,0.0,0.0,0.0,0.0,0.0,0.0,0.0,0.0,0.0,0.0,0.0,0.0,0.0,0.0,0.0,0.0,0.0,0.0,0.0,0.0,0.0,0.0,0.0,0.0,0.0,0.0,0.0,0.0,0.0,0.0,0.0,0.0,0.0,0.0,0.0,0.0,0.0,0.0,0.0,0.0,0.0,0.0,0.0,0.0,0.0,0.0
ə,0.00022575062081420724,0.0,0.0008879524418692152,0.0,0.0005869516141169388,0.030476333809917978,0.0,0.0,0.0,0.0,0.0005418014899540973,0.0,0.0,0.030069982692452403,0.0,0.0,0.0,0.0,0.0013394536834976296,0.0016103544284746783,0.0015953043870870645,0.0,0.00027090074497704866,0.0005418014899540973,0.01793964933403567,0.0,0.0,0.003702310181352999,0.0,0.0,0.0,0.0,0.0004816013244036421,0.0010083527729701257,0.0,0.0,0.0005267514485664835,0.0,0.0,0.0,0.04770863119873579,0.0,0.0,0.0,0.0,0.0,0.14718940477086312,0.05744600797652193,0.28197757543833246,0.006215667093084506,0.0,0.0,0.0,0.00042140115885318686,0.0,0.0,0.0030100082775227632,0.01897810218978102,0.0,0.0,0.0,0.0,0.0,0.004936413575137332,0.0,0.0,0.0,0.0,0.06460982767702611,0.0,0.0,0.0,0.0,0.0,0.0,0.004003311009105275,0.053096546015501546,0.0,0.0,0.0,0.0,0.0,0.0,0.00015050041387613817,1.5050041387613815e-05,0.0,0.0,0.012536684475882309,0.0,0.0,0.003973210926330047,0.0,0.0,0.0,0.0,0.0,0.0,0.0,0.021356008729024004,0.0,0.0,0.0,0.00018060049665136578,0.0,0.0,0.0,0.0,0.0,0.1803897960719392
ɚ,0.0,0.0,0.0,0.0,0.0,0.0,0.0,0.0,0.0,0.0,0.0,0.0,0.0,0.0,0.0,0.0,0.0,0.0,0.0,0.0,0.0,0.0,0.0,0.0,0.0,0.0,0.0,0.0,0.0,0.0,0.0,0.0,0.0,0.0,0.0,0.0,0.0,0.0,0.0,0.0,0.0,0.0,0.0,0.0,0.0,0.0,0.0,0.0,0.0,0.0,0.0,0.0,0.0,0.0,0.0,0.0,0.0,0.0,0.0,0.0,0.0,0.0,0.0,0.0,0.0,0.0,0.0,0.0,0.0,0.0,0.0,0.0,0.0,0.0,0.0,0.0,0.0,0.0,0.0,0.0,0.0,0.0,0.0,0.0,0.0,0.0,0.0,0.0,0.0,0.0,0.0,0.0,0.0,0.0,0.0,0.0,0.0,0.0,0.0,0.0,0.0,0.0,0.0,0.0,0.0,0.0,0.0,0.0,0.0
ɛ,0.0,0.0,0.00042277935145647484,0.0,0.0,0.012006933581363887,0.0,0.0,0.0,0.0,0.00021138967572823742,0.0,0.0,0.05665243309516763,0.0,0.0,0.0,0.0,0.003720458292816979,0.00016911174058258994,0.003974125903690864,0.0,0.00016911174058258994,0.0017756732761171944,0.01801040037204583,0.0,0.0,0.0024098423033019067,0.0,0.0,0.0,0.0,0.0005073352217477698,0.0010569483786411872,0.0,0.0,0.0018602291464084894,0.0,0.0,0.0,0.1061176172155752,0.0,0.0,0.0,0.0,0.0,0.16475711326258827,0.04866190335264026,0.1644611677165687,0.00959709127806198,0.0,0.0,0.0,0.0006341690271847123,0.0,0.0,0.007187248974760072,0.022703251173212702,0.0,0.0,0.0,0.0,0.0,0.1465353232148142,0.0,0.0,0.0,0.0,0.08616243182682957,0.0,0.0,0.0,0.0,0.0,0.0,0.012429712932820362,0.07990529742527375,0.0,0.0,0.0,0.0,0.0,0.0,0.00016911174058258994,8.455587029129497e-05,0.0,0.0,0.022618695302921404,0.0,0.0,0.0007610028326216548,0.0,0.0,0.0,0.0,0.0,0.0,0.0,0.01746078721515241,0.0,0.0,0.0,0.001479727730097662,0.0,0.0,0.0,0.0,0.0,0.005327019828351583
ɝ,0.0060833213204555285,0.0,0.007150064869540147,0.0,0.004266974196338475,0.013867666138100043,0.0,0.0,0.0,0.0,0.002364134352025371,0.0,0.0,0.04460141271442987,0.0,0.0,0.0,0.0,0.001037912642352602,0.01170534813319879,0.01874008937581087,0.0,0.007323050309932248,0.007438373936860314,0.007496035750324348,0.0,0.0,0.004093988755946375,0.0,0.0,0.0,0.0,0.018884243909470952,0.02032578924607179,0.0,0.0,0.0003748017875162174,0.0,0.0,0.0,0.021680841862476576,0.0,0.0,0.0,0.0,0.0,0.017903993080582385,0.02306472538561338,0.027043390514631685,0.0,0.0,0.0,0.0,0.006458123107971746,0.0,0.0,0.005766181346403345,0.0068617558022199794,0.0,0.0,0.0,0.0,0.0,0.004872423237710826,0.0,0.0,0.0,0.0,0.025544183364566816,0.0,0.0,0.0,0.0,0.0,0.0,0.005708519532939311,0.03554850800057662,0.0,0.0,0.0,0.0,0.0,0.0,0.0017875162173850367,0.00014415453366008361,0.0,0.0,0.009052904713853251,0.0,0.0,0.003748017875162174,0.0,0.0,0.0,0.0,0.0,0.0,0.0,0.09168228340781318,0.0,0.0,0.0,0.0007207726683004181,0.0,0.0,0.0,0.0,0.0,0.5366584979097593
f,0.05355493998153278,0.0,0.038627269929208986,0.0,0.030470914127423823,0.0012311480455524776,0.0,0.0,0.0,0.0,0.056555863342566945,0.0,0.0,0.0019236688211757464,0.0,0.0,0.0,0.0,0.0,0.01662049861495845,0.077331486611265,0.0,0.060403200984918436,0.07571560480147738,0.0001538935056940597,0.0,0.0,0.0011542012927054479,0.0,0.0,0.0,0.0,0.055247768544167436,0.09279778393351801,0.0,0.0,0.013850415512465374,0.0,0.0,0.0,0.0040012311480455524,0.0,0.0,0.0,0.0,0.0,0.06725146198830409,0.0034626038781163434,0.0036164973838104034,0.0,0.0,0.0,0.0,0.024392120652508464,0.0,0.0,0.0010003077870113881,0.0006925207756232687,0.0,0.0,0.0,0.0,0.0,0.08748845798707294,0.0,0.0,0.0,0.0,0.038011695906432746,0.0,0.0,0.0,0.0,0.0,0.0,0.0007694675284702986,0.033548784241305016,0.0,0.0,0.0,0.0,0.0,0.0,0.010003077870113881,0.01069559864573715,0.0,0.0,7.694675284702985e-05,0.0,0.0,0.0013080947983995076,0.0,0.0,0.0,0.0,0.0,0.0,0.0,0.0003077870113881194,0.0,0.0,0.0,0.0,0.0,0.0,0.0,0.0,0.0,0.13773468759618343
g,0.0,0.0,0.0,0.0,0.0,0.0,0.0,0.0,0.0,0.0,0.0,0.0,0.0,0.0,0.0,0.0,0.0,0.0,0.0,0.0,0.0,0.0,0.0,0.0,0.0,0.0,0.0,0.0,0.0,0.0,0.0,0.0,0.0,0.0,0.0,0.0,0.0,0.0,0.0,0.0,0.0,0.0,0.0,0.0,0.0,0.0,0.0,0.0,0.0,0.0,0.0,0.0,0.0,0.0,0.0,0.0,0.0,0.0,0.0,0.0,0.0,0.0,0.0,0.0,0.0,0.0,0.0,0.0,0.0,0.0,0.0,0.0,0.0,0.0,0.0,0.0,0.0,0.0,0.0,0.0,0.0,0.0,0.0,0.0,0.0,0.0,0.0,0.0,0.0,0.0,0.0,0.0,0.0,0.0,0.0,0.0,0.0,0.0,0.0,0.0,0.0,0.0,0.0,0.0,0.0,0.0,0.0,0.0,0.0
ḡ,0.0,0.0,0.0,0.0,0.0,0.0,0.0,0.0,0.0,0.0,0.0,0.0,0.0,0.0,0.0,0.0,0.0,0.0,0.0,0.0,0.0,0.0,0.0,0.0,0.0,0.0,0.0,0.0,0.0,0.0,0.0,0.0,0.0,0.0,0.0,0.0,0.0,0.0,0.0,0.0,0.0,0.0,0.0,0.0,0.0,0.0,0.0,0.0,0.0,0.0,0.0,0.0,0.0,0.0,0.0,0.0,0.0,0.0,0.0,0.0,0.0,0.0,0.0,0.0,0.0,0.0,0.0,0.0,0.0,0.0,0.0,0.0,0.0,0.0,0.0,0.0,0.0,0.0,0.0,0.0,0.0,0.0,0.0,0.0,0.0,0.0,0.0,0.0,0.0,0.0,0.0,0.0,0.0,0.0,0.0,0.0,0.0,0.0,0.0,0.0,0.0,0.0,0.0,0.0,0.0,0.0,0.0,0.0,0.0
h,0.11870903919871399,0.0,0.14442933102510203,0.0,0.13602077408185978,0.0,0.0,0.0,0.0,0.0,0.065784592555954,0.0,0.0,0.0,0.0,0.0,0.0,0.0,0.0,0.03586002225794485,0.08396191418325707,0.0,0.12266600717200445,0.043402992457029804,0.0,0.0,0.0,0.0,0.0,0.0,0.0,0.0,0.03326326202547298,0.07246197601088167,0.0,0.0,0.017930011128972426,0.0,0.0,0.0,0.0,0.0,0.0,0.0,0.0,0.0,0.0007419314949919624,0.0004946209966613083,0.00012365524916532706,0.0,0.0,0.0,0.0,0.08433287993075306,0.0,0.0,0.0,0.0,0.0,0.0,0.0,0.0,0.0,0.0006182762458266354,0.0,0.0,0.0,0.0,0.0,0.0,0.0,0.0,0.0,0.0,0.0,0.0,0.0,0.0,0.0,0.0,0.0,0.0,0.0,0.020526771361444294,0.010881661926548781,0.0,0.0,0.0,0.0,0.0,0.0016075182391492519,0.0,0.0,0.0,0.0,0.0,0.0,0.0,0.0,0.0,0.0,0.0,0.0,0.0,0.0,0.0,0.0,0.0,0.006182762458266353
ʰ,0.0,0.0,0.0,0.0,0.0,0.0,0.0,0.0,0.0,0.0,0.0,0.0,0.0,0.0,0.0,0.0,0.0,0.0,0.0,0.0,0.0,0.0,0.0,0.0,0.0,0.0,0.0,0.0,0.0,0.0,0.0,0.0,0.0,0.0,0.0,0.0,0.0,0.0,0.0,0.0,0.0,0.0,0.0,0.0,0.0,0.0,0.0,0.0,0.0,0.0,0.0,0.0,0.0,0.0,0.0,0.0,0.0,0.0,0.0,0.0,0.0,0.0,0.0,0.0,0.0,0.0,0.0,0.0,0.0,0.0,0.0,0.0,0.0,0.0,0.0,0.0,0.0,0.0,0.0,0.0,0.0,0.0,0.0,0.0,0.0,0.0,0.0,0.0,0.0,0.0,0.0,0.0,0.0,0.0,0.0,0.0,0.0,0.0,0.0,0.0,0.0,0.0,0.0,0.0,0.0,0.0,0.0,0.0,0.0
ḥ,0.0,0.0,0.0,0.0,0.0,0.0,0.0,0.0,0.0,0.0,0.0,0.0,0.0,0.0,0.0,0.0,0.0,0.0,0.0,0.0,0.0,0.0,0.0,0.0,0.0,0.0,0.0,0.0,0.0,0.0,0.0,0.0,0.0,0.0,0.0,0.0,0.0,0.0,0.0,0.0,0.0,0.0,0.0,0.0,0.0,0.0,0.0,0.0,0.0,0.0,0.0,0.0,0.0,0.0,0.0,0.0,0.0,0.0,0.0,0.0,0.0,0.0,0.0,0.0,0.0,0.0,0.0,0.0,0.0,0.0,0.0,0.0,0.0,0.0,0.0,0.0,0.0,0.0,0.0,0.0,0.0,0.0,0.0,0.0,0.0,0.0,0.0,0.0,0.0,0.0,0.0,0.0,0.0,0.0,0.0,0.0,0.0,0.0,0.0,0.0,0.0,0.0,0.0,0.0,0.0,0.0,0.0,0.0,0.0
ḫ,0.0,0.0,0.0,0.0,0.0,0.0,0.0,0.0,0.0,0.0,0.0,0.0,0.0,0.0,0.0,0.0,0.0,0.0,0.0,0.0,0.0,0.0,0.0,0.0,0.0,0.0,0.0,0.0,0.0,0.0,0.0,0.0,0.0,0.0,0.0,0.0,0.0,0.0,0.0,0.0,0.0,0.0,0.0,0.0,0.0,0.0,0.0,0.0,0.0,0.0,0.0,0.0,0.0,0.0,0.0,0.0,0.0,0.0,0.0,0.0,0.0,0.0,0.0,0.0,0.0,0.0,0.0,0.0,0.0,0.0,0.0,0.0,0.0,0.0,0.0,0.0,0.0,0.0,0.0,0.0,0.0,0.0,0.0,0.0,0.0,0.0,0.0,0.0,0.0,0.0,0.0,0.0,0.0,0.0,0.0,0.0,0.0,0.0,0.0,0.0,0.0,0.0,0.0,0.0,0.0,0.0,0.0,0.0,0.0
ẖ,0.0,0.0,0.0,0.0,0.0,0.0,0.0,0.0,0.0,0.0,0.0,0.0,0.0,0.0,0.0,0.0,0.0,0.0,0.0,0.0,0.0,0.0,0.0,0.0,0.0,0.0,0.0,0.0,0.0,0.0,0.0,0.0,0.0,0.0,0.0,0.0,0.0,0.0,0.0,0.0,0.0,0.0,0.0,0.0,0.0,0.0,0.0,0.0,0.0,0.0,0.0,0.0,0.0,0.0,0.0,0.0,0.0,0.0,0.0,0.0,0.0,0.0,0.0,0.0,0.0,0.0,0.0,0.0,0.0,0.0,0.0,0.0,0.0,0.0,0.0,0.0,0.0,0.0,0.0,0.0,0.0,0.0,0.0,0.0,0.0,0.0,0.0,0.0,0.0,0.0,0.0,0.0,0.0,0.0,0.0,0.0,0.0,0.0,0.0,0.0,0.0,0.0,0.0,0.0,0.0,0.0,0.0,0.0,0.0
i,0.0006436693923284145,0.0,0.011180775740815791,0.0,0.0065558919589005175,0.009249767563830547,0.0,0.0,0.0,0.0,0.0023601211052041863,0.0,0.0,0.025317662764917634,0.0,0.0,0.0,0.0,0.0003575941068491191,0.00667508999451689,0.05876463155887191,0.0,0.007080363315612559,0.010680143991227025,0.006269816673421222,0.0,0.0,0.003122988533148974,0.0,0.0,0.0,0.0,0.00033375449972584454,0.006627410780270341,0.0,0.0,0.0008820654635611605,0.0,0.0,0.0,0.020359024483276516,0.0,0.0,0.0,0.0,0.0,0.028655207762176078,0.017236035950127543,0.05232793763558777,0.0005006317495887668,0.0,0.0,0.0,0.01866641237752402,0.0,0.0,0.0019786873912317924,0.010060314206021884,0.0,0.0,0.0,0.0,0.0,0.005721505709585906,0.0,0.0,0.0,0.0,0.019739194698071377,0.0,0.0,0.0,0.0,0.0,0.0,0.0029561112832860513,0.03068157436765442,0.0,0.0,0.0,0.0,0.0,0.0,0.001406536820273202,9.535842849309843e-05,0.0,0.0,0.012372756096979522,0.0,0.0,0.002312441890957637,0.0,0.0,0.0,0.0,0.0,0.0,0.0,0.04980093928052066,0.0,0.0,0.0,0.0006913486065749636,0.0,0.0,0.0,0.0,0.0,0.5683362338188667
ɪ,0.0002127336271083422,0.0,0.0016106974623917338,0.0,0.001413159094362559,0.01767208630907157,0.0,0.0,0.0,0.0,0.0008205439902750341,0.0,0.0,0.06825710378361952,0.0,0.0,0.0,0.0,0.001063668135541711,0.0006685913994833612,0.01384288102112141,0.0,0.0011548396900167147,0.011290077495821303,0.015848655219571493,0.0,0.0,0.0031910044066251328,0.0,0.0,0.0,0.0,0.000866129767512536,0.004087524692296004,0.0,0.0,0.001367573317125057,0.0,0.0,0.0,0.09215924631514967,0.0,0.0,0.0,0.0,0.0,0.07485184622397811,0.03809451451147242,0.1410271995137517,0.09723446284759155,0.0,0.0,0.0,0.0030694423339917946,0.0,0.0,0.0038140100288709925,0.02346148001823431,0.0,0.0,0.0,0.0,0.0,0.029402826318188725,0.0,0.0,0.0,0.0,0.07965354809299499,0.0,0.0,0.0,0.0,0.0,0.0,0.03566327305880565,0.10024312414526668,0.0,0.0,0.0,0.0,0.0,0.0,0.0003191004406625133,9.11715544750038e-05,0.0,0.0,0.0263941650205136,0.0,0.0,0.0016866737577875702,0.0,0.0,0.0,0.0,0.0,0.0,0.0,0.0592463151496733,0.0,0.0,0.0,0.0020513599756875854,0.0,0.0,0.0,0.0,0.0,0.04816897128096034
ỉ,0.0,0.0,0.0,0.0,0.0,0.0,0.0,0.0,0.0,0.0,0.0,0.0,0.0,0.0,0.0,0.0,0.0,0.0,0.0,0.0,0.0,0.0,0.0,0.0,0.0,0.0,0.0,0.0,0.0,0.0,0.0,0.0,0.0,0.0,0.0,0.0,0.0,0.0,0.0,0.0,0.0,0.0,0.0,0.0,0.0,0.0,0.0,0.0,0.0,0.0,0.0,0.0,0.0,0.0,0.0,0.0,0.0,0.0,0.0,0.0,0.0,0.0,0.0,0.0,0.0,0.0,0.0,0.0,0.0,0.0,0.0,0.0,0.0,0.0,0.0,0.0,0.0,0.0,0.0,0.0,0.0,0.0,0.0,0.0,0.0,0.0,0.0,0.0,0.0,0.0,0.0,0.0,0.0,0.0,0.0,0.0,0.0,0.0,0.0,0.0,0.0,0.0,0.0,0.0,0.0,0.0,0.0,0.0,0.0
ɨ,0.0,0.0,0.0,0.0,0.0,0.0,0.0,0.0,0.0,0.0,0.0,0.0,0.0,0.0,0.0,0.0,0.0,0.0,0.0,0.0,0.0,0.0,0.0,0.0,0.0,0.0,0.0,0.0,0.0,0.0,0.0,0.0,0.0,0.0,0.0,0.0,0.0,0.0,0.0,0.0,0.0,0.0,0.0,0.0,0.0,0.0,0.0,0.0,0.0,0.0,0.0,0.0,0.0,0.0,0.0,0.0,0.0,0.0,0.0,0.0,0.0,0.0,0.0,0.0,0.0,0.0,0.0,0.0,0.0,0.0,0.0,0.0,0.0,0.0,0.0,0.0,0.0,0.0,0.0,0.0,0.0,0.0,0.0,0.0,0.0,0.0,0.0,0.0,0.0,0.0,0.0,0.0,0.0,0.0,0.0,0.0,0.0,0.0,0.0,0.0,0.0,0.0,0.0,0.0,0.0,0.0,0.0,0.0,0.0
j,0.00402081362346263,0.0,0.0674077578051088,0.0,0.026017029328287606,0.0,0.0,0.0,0.0,0.0,0.020813623462630087,0.0,0.0,0.00023651844843897824,0.0,0.0,0.0,0.0,0.0,0.00804162724692526,0.22138126773888364,0.0,0.033112582781456956,0.056054872280037846,0.0,0.0,0.0,0.0,0.0,0.0,0.0,0.0,0.010879848628192999,0.011352885525070956,0.0,0.0,0.0,0.0,0.0,0.0,0.0,0.0,0.0,0.0,0.0,0.0,0.0,0.0,0.000946073793755913,0.0,0.0,0.0,0.0,0.035477767265846734,0.0,0.0,0.0,0.0,0.0,0.0,0.0,0.0,0.0,0.0,0.0,0.0,0.0,0.0,0.00023651844843897824,0.0,0.0,0.0,0.0,0.0,0.0,0.0,0.00023651844843897824,0.0,0.0,0.0,0.0,0.0,0.0,0.4581362346263009,0.041863765373699145,0.0,0.0,0.0,0.0,0.0,0.0,0.0,0.0,0.0,0.0,0.0,0.0,0.0,0.0004730368968779565,0.0,0.0,0.0,0.0,0.0,0.0,0.0,0.0,0.0,0.0033112582781456954
,0.0,0.0,0.0,0.0,0.0,0.0,0.0,0.0,0.0,0.0,0.0,0.0,0.0,0.0,0.0,0.0,0.0,0.0,0.0,0.0,0.0,0.0,0.0,0.0,0.0,0.0,0.0,0.0,0.0,0.0,0.0,0.0,0.0,0.0,0.0,0.0,0.0,0.0,0.0,0.0,0.0,0.0,0.0,0.0,0.0,0.0,0.0,0.0,0.0,0.0,0.0,0.0,0.0,0.0,0.0,0.0,0.0,0.0,0.0,0.0,0.0,0.0,0.0,0.0,0.0,0.0,0.0,0.0,0.0,0.0,0.0,0.0,0.0,0.0,0.0,0.0,0.0,0.0,0.0,0.0,0.0,0.0,0.0,0.0,0.0,0.0,0.0,0.0,0.0,0.0,0.0,0.0,0.0,0.0,0.0,0.0,0.0,0.0,0.0,0.0,0.0,0.0,0.0,0.0,0.0,0.0,0.0,0.0,0.0
ʲ,0.0,0.0,0.0,0.0,0.0,0.0,0.0,0.0,0.0,0.0,0.0,0.0,0.0,0.0,0.0,0.0,0.0,0.0,0.0,0.0,0.0,0.0,0.0,0.0,0.0,0.0,0.0,0.0,0.0,0.0,0.0,0.0,0.0,0.0,0.0,0.0,0.0,0.0,0.0,0.0,0.0,0.0,0.0,0.0,0.0,0.0,0.0,0.0,0.0,0.0,0.0,0.0,0.0,0.0,0.0,0.0,0.0,0.0,0.0,0.0,0.0,0.0,0.0,0.0,0.0,0.0,0.0,0.0,0.0,0.0,0.0,0.0,0.0,0.0,0.0,0.0,0.0,0.0,0.0,0.0,0.0,0.0,0.0,0.0,0.0,0.0,0.0,0.0,0.0,0.0,0.0,0.0,0.0,0.0,0.0,0.0,0.0,0.0,0.0,0.0,0.0,0.0,0.0,0.0,0.0,0.0,0.0,0.0,0.0
ǰ,0.0,0.0,0.0,0.0,0.0,0.0,0.0,0.0,0.0,0.0,0.0,0.0,0.0,0.0,0.0,0.0,0.0,0.0,0.0,0.0,0.0,0.0,0.0,0.0,0.0,0.0,0.0,0.0,0.0,0.0,0.0,0.0,0.0,0.0,0.0,0.0,0.0,0.0,0.0,0.0,0.0,0.0,0.0,0.0,0.0,0.0,0.0,0.0,0.0,0.0,0.0,0.0,0.0,0.0,0.0,0.0,0.0,0.0,0.0,0.0,0.0,0.0,0.0,0.0,0.0,0.0,0.0,0.0,0.0,0.0,0.0,0.0,0.0,0.0,0.0,0.0,0.0,0.0,0.0,0.0,0.0,0.0,0.0,0.0,0.0,0.0,0.0,0.0,0.0,0.0,0.0,0.0,0.0,0.0,0.0,0.0,0.0,0.0,0.0,0.0,0.0,0.0,0.0,0.0,0.0,0.0,0.0,0.0,0.0
k,0.01200538733048486,0.0,0.06878134869032138,0.0,0.03915103102359279,0.002879435259149173,0.0,0.0,0.0,0.0,0.02772617499535575,0.0,0.0,0.002531116477800483,0.0,0.0,0.0,0.0,0.0,0.019900613041055174,0.11691900427271039,0.0,0.016812186513096787,0.040404978636448076,0.002229240200631618,0.0,0.0,0.0033438603009474273,0.0,0.0,0.0,0.0,0.04888073564926621,0.037362994612669516,0.0,0.0,0.013654096228868661,0.0,0.0,0.0,0.00013932751253947613,0.0,0.0,0.0,0.0,0.0,0.04275032509752926,0.00657161434144529,0.006176853055916775,0.0,0.0,0.0,0.0,0.045769087869217906,0.0,0.0,0.00013932751253947613,0.001044956344046071,0.0,0.0,0.0,0.0,0.0,0.053780419840237785,0.0,0.0,0.0,0.0,0.07563161805684562,0.0,0.0,0.0,0.0,0.0,0.0,0.007221809399962846,0.03564462195801597,0.0,0.0,0.0,0.0,0.0,0.0,0.010031580902842282,0.0026472227382500465,0.0,0.0,0.0007663013189671187,0.0,0.0,0.02591491733234256,0.0,0.0,0.0,0.0,0.0,0.0,0.0,0.00027865502507895226,0.0,0.0,0.0,0.0,0.0,0.0,0.0,0.0,0.0,0.23290915846182425
ḳ,0.0,0.0,0.0,0.0,0.0,0.0,0.0,0.0,0.0,0.0,0.0,0.0,0.0,0.0,0.0,0.0,0.0,0.0,0.0,0.0,0.0,0.0,0.0,0.0,0.0,0.0,0.0,0.0,0.0,0.0,0.0,0.0,0.0,0.0,0.0,0.0,0.0,0.0,0.0,0.0,0.0,0.0,0.0,0.0,0.0,0.0,0.0,0.0,0.0,0.0,0.0,0.0,0.0,0.0,0.0,0.0,0.0,0.0,0.0,0.0,0.0,0.0,0.0,0.0,0.0,0.0,0.0,0.0,0.0,0.0,0.0,0.0,0.0,0.0,0.0,0.0,0.0,0.0,0.0,0.0,0.0,0.0,0.0,0.0,0.0,0.0,0.0,0.0,0.0,0.0,0.0,0.0,0.0,0.0,0.0,0.0,0.0,0.0,0.0,0.0,0.0,0.0,0.0,0.0,0.0,0.0,0.0,0.0,0.0
ḵ,0.0,0.0,0.0,0.0,0.0,0.0,0.0,0.0,0.0,0.0,0.0,0.0,0.0,0.0,0.0,0.0,0.0,0.0,0.0,0.0,0.0,0.0,0.0,0.0,0.0,0.0,0.0,0.0,0.0,0.0,0.0,0.0,0.0,0.0,0.0,0.0,0.0,0.0,0.0,0.0,0.0,0.0,0.0,0.0,0.0,0.0,0.0,0.0,0.0,0.0,0.0,0.0,0.0,0.0,0.0,0.0,0.0,0.0,0.0,0.0,0.0,0.0,0.0,0.0,0.0,0.0,0.0,0.0,0.0,0.0,0.0,0.0,0.0,0.0,0.0,0.0,0.0,0.0,0.0,0.0,0.0,0.0,0.0,0.0,0.0,0.0,0.0,0.0,0.0,0.0,0.0,0.0,0.0,0.0,0.0,0.0,0.0,0.0,0.0,0.0,0.0,0.0,0.0,0.0,0.0,0.0,0.0,0.0,0.0
l,0.0,0.0,0.0,0.0,0.0,0.0,0.0,0.0,0.0,0.0,0.0,0.0,0.0,0.0,0.0,0.0,0.0,0.0,0.0,0.0,0.0,0.0,0.0,0.0,0.0,0.0,0.0,0.0,0.0,0.0,0.0,0.0,0.0,0.0,0.0,0.0,0.0,0.0,0.0,0.0,0.0,0.0,0.0,0.0,0.0,0.0,0.0,0.0,0.0,0.0,0.0,0.0,0.0,0.0,0.0,0.0,0.0,0.0,0.0,0.0,0.0,0.0,0.0,0.0,0.0,0.0,0.0,0.0,0.0,0.0,0.0,0.0,0.0,0.0,0.0,0.0,0.0,0.0,0.0,0.0,0.0,0.0,0.0,0.0,0.0,0.0,0.0,0.0,0.0,0.0,0.0,0.0,0.0,0.0,0.0,0.0,0.0,0.0,0.0,0.0,0.0,0.0,0.0,0.0,0.0,0.0,0.0,0.0,0.0
ḷ,0.0,0.0,0.0,0.0,0.0,0.0,0.0,0.0,0.0,0.0,0.0,0.0,0.0,0.0,0.0,0.0,0.0,0.0,0.0,0.0,0.0,0.0,0.0,0.0,0.0,0.0,0.0,0.0,0.0,0.0,0.0,0.0,0.0,0.0,0.0,0.0,0.0,0.0,0.0,0.0,0.0,0.0,0.0,0.0,0.0,0.0,0.0,0.0,0.0,0.0,0.0,0.0,0.0,0.0,0.0,0.0,0.0,0.0,0.0,0.0,0.0,0.0,0.0,0.0,0.0,0.0,0.0,0.0,0.0,0.0,0.0,0.0,0.0,0.0,0.0,0.0,0.0,0.0,0.0,0.0,0.0,0.0,0.0,0.0,0.0,0.0,0.0,0.0,0.0,0.0,0.0,0.0,0.0,0.0,0.0,0.0,0.0,0.0,0.0,0.0,0.0,0.0,0.0,0.0,0.0,0.0,0.0,0.0,0.0
ɬ,0.0,0.0,0.0,0.0,0.0,0.0,0.0,0.0,0.0,0.0,0.0,0.0,0.0,0.0,0.0,0.0,0.0,0.0,0.0,0.0,0.0,0.0,0.0,0.0,0.0,0.0,0.0,0.0,0.0,0.0,0.0,0.0,0.0,0.0,0.0,0.0,0.0,0.0,0.0,0.0,0.0,0.0,0.0,0.0,0.0,0.0,0.0,0.0,0.0,0.0,0.0,0.0,0.0,0.0,0.0,0.0,0.0,0.0,0.0,0.0,0.0,0.0,0.0,0.0,0.0,0.0,0.0,0.0,0.0,0.0,0.0,0.0,0.0,0.0,0.0,0.0,0.0,0.0,0.0,0.0,0.0,0.0,0.0,0.0,0.0,0.0,0.0,0.0,0.0,0.0,0.0,0.0,0.0,0.0,0.0,0.0,0.0,0.0,0.0,0.0,0.0,0.0,0.0,0.0,0.0,0.0,0.0,0.0,0.0
ɫ,0.032846207376478774,0.0,0.030082513172283526,0.0,0.037578288100208766,0.010816184511382842,0.0,0.0,0.0,0.0,0.01900785366338602,0.0,0.0,0.03976538423302515,0.0,0.0,0.0,0.0,7.953076846605031e-05,0.027179640123272692,0.10128243364151505,0.0,0.03467541505119793,0.03042051893826424,0.009623222984392086,0.0,0.0,0.0030818172780594493,0.0,0.0,0.0,0.0,0.09617258176757133,0.08344765881300328,0.0,0.0,0.0063425787851675115,0.0,0.0,0.0,0.011114424893130529,0.0,0.0,0.0,0.0,0.0,0.00019882692116512577,0.014196242171189978,0.00262451535937966,0.0,0.0,0.0,0.0,0.0295655631772542,0.0,0.0,0.0012923749875733174,0.003598767273088776,0.0,0.0,0.0,0.0,0.0,0.002564867283030122,0.0,0.0,0.0,0.0,0.012168207575305696,0.0,0.0,0.0,0.0,0.0,0.0,0.0011929615269907546,0.0237200516949995,0.0,0.0,0.0,0.0,0.0,0.0,0.018113132518142956,0.0017099115220200816,0.0,0.0,0.007555423004274779,0.0,0.0,0.0031613480465254996,0.0,0.0,0.0,0.0,0.0,0.0,0.0,0.036464857341684066,0.0,0.0,0.0,1.9882692116512577e-05,0.0,0.0,0.0,0.0,0.0,0.2683368128044537
m,0.025320026801142575,0.0,0.06968297069506647,0.0,0.0550481362626512,0.0334308988962161,0.0,0.0,0.0,0.0,0.024297351623937653,0.0,0.0,0.006700285643756391,0.0,0.0,0.0,0.0,0.0,0.02613111401064993,0.22248474803399512,0.0,0.05434284303699263,0.044116091264943404,0.004584405966780689,0.0,0.0,0.0011284691610537081,0.0,0.0,0.0,0.0,0.03300772296082096,0.08241351341820362,0.0,0.0,0.011390485594385866,0.0,0.0,0.0,0.003632260112141623,0.0,0.0,0.0,0.0,0.0,0.00564234580526854,0.00028211729026342703,0.003068025531614769,0.0,0.0,0.0,0.0,0.027894347074796346,0.0,0.0,0.00028211729026342703,0.051133758860246147,0.0,0.0,0.0,0.0,0.0,0.003244348838029411,0.0,0.0,0.0,0.0,0.0066650209824734635,0.0,0.0,0.0,0.0,0.0,0.0,0.0006347639030927107,0.0019042917092781323,0.0,0.0,0.0,0.0,0.0,0.0,0.008322460062771098,0.002785908241351342,0.0,0.0,0.0004584405966780689,0.0,0.0,0.0016574390802976337,0.0,0.0,0.0,0.0,0.0,0.0,0.0,0.025743202736537716,0.0,0.0,0.0,0.0,0.0,0.0,0.0,0.0,0.0,0.16257008851429983
n,0.008962364126320888,0.0,0.017924728252641776,0.0,0.008326520725467043,0.010340024828170891,0.0,0.0,0.0,0.0,0.008356798982650558,0.0,0.0,0.08103975535168195,0.0,0.0,0.0,0.0,0.00019680867169285737,0.010143216156478034,0.05951191449420171,0.0,0.015093711205982983,0.022542162473128048,0.009477094498440669,0.0,0.0,0.005177581978381324,0.0,0.0,0.0,0.0,0.03781754322221213,0.03901353438096103,0.0,0.0,0.005192721106973082,0.0,0.0,0.0,0.009189451055197263,0.0,0.0,0.0,0.0,0.0,0.004859660277954401,0.0034214430617373662,0.0002876434432434069,0.0,0.0,0.0,0.0,0.02093741484240167,0.0,0.0,0.002679625760741212,0.002210312774396706,0.0,0.0,0.0,0.0,0.0,0.004466042934568686,0.0,0.0,0.0,0.0,0.046537681291064885,0.0,0.0,0.0,0.0,0.0,0.0,0.0049504950495049506,0.07960153813546492,0.0,0.0,0.0,0.0,0.0,0.0,0.00764525993883792,0.000817512943954946,0.0,0.0,0.005434947164441215,0.0,0.0,0.0033457474187785752,0.0,0.0,0.0,0.0,0.0,0.0,0.0,0.05745299300572259,0.0,0.0,0.0,7.56956429587913e-05,0.0,0.0,0.0,0.0,0.0,0.4069700548036455
ŋ,0.00030070666065253347,0.0,0.0021049466245677342,0.0,0.00015035333032626674,0.0027815366110359343,0.0,0.0,0.0,0.0,0.000826943316794467,0.0,0.0,0.0039091865884829345,0.0,0.0,0.0,0.0,0.0,0.000826943316794467,0.020899112915351074,0.0,0.0027815366110359343,0.029243722748458878,0.0017290632987520674,0.0,0.0,0.005563073222071869,0.0,0.0,0.0,0.0,0.0015787099684258007,0.005412719891745603,0.0,0.0,0.0015787099684258007,0.0,0.0,0.0,0.10532250789354984,0.0,0.0,0.0,0.0,0.0,0.012629679747406405,0.0025560066155465343,0.0006014133213050669,0.0,0.0,0.0,0.0,0.005638249887235002,0.0,0.0,0.0006765899864682003,0.0006014133213050669,0.0,0.0,0.0,0.0,0.0,0.0048113065704405355,0.0,0.0,0.0,0.0,0.004886483235603669,0.0,0.0,0.0,0.0,0.0,0.0,0.0009772966471207336,0.011953089760938205,0.0,0.0,0.0,0.0,0.0,0.0,0.0006014133213050669,7.517666516313337e-05,0.0,0.0,0.0002255299954894001,0.0,0.0,0.004886483235603669,0.0,0.0,0.0,0.0,0.0,0.0,0.0,0.03382949932341001,0.0,0.0,0.0,7.517666516313337e-05,0.0,0.0,0.0,0.0,0.0,0.729965418734025
ṇ,0.0,0.0,0.0,0.0,0.0,0.0,0.0,0.0,0.0,0.0,0.0,0.0,0.0,0.0,0.0,0.0,0.0,0.0,0.0,0.0,0.0,0.0,0.0,0.0,0.0,0.0,0.0,0.0,0.0,0.0,0.0,0.0,0.0,0.0,0.0,0.0,0.0,0.0,0.0,0.0,0.0,0.0,0.0,0.0,0.0,0.0,0.0,0.0,0.0,0.0,0.0,0.0,0.0,0.0,0.0,0.0,0.0,0.0,0.0,0.0,0.0,0.0,0.0,0.0,0.0,0.0,0.0,0.0,0.0,0.0,0.0,0.0,0.0,0.0,0.0,0.0,0.0,0.0,0.0,0.0,0.0,0.0,0.0,0.0,0.0,0.0,0.0,0.0,0.0,0.0,0.0,0.0,0.0,0.0,0.0,0.0,0.0,0.0,0.0,0.0,0.0,0.0,0.0,0.0,0.0,0.0,0.0,0.0,0.0
ɲ,0.0,0.0,0.0,0.0,0.0,0.0,0.0,0.0,0.0,0.0,0.0,0.0,0.0,0.0,0.0,0.0,0.0,0.0,0.0,0.0,0.0,0.0,0.0,0.0,0.0,0.0,0.0,0.0,0.0,0.0,0.0,0.0,0.0,0.0,0.0,0.0,0.0,0.0,0.0,0.0,0.0,0.0,0.0,0.0,0.0,0.0,0.0,0.0,0.0,0.0,0.0,0.0,0.0,0.0,0.0,0.0,0.0,0.0,0.0,0.0,0.0,0.0,0.0,0.0,0.0,0.0,0.0,0.0,0.0,0.0,0.0,0.0,0.0,0.0,0.0,0.0,0.0,0.0,0.0,0.0,0.0,0.0,0.0,0.0,0.0,0.0,0.0,0.0,0.0,0.0,0.0,0.0,0.0,0.0,0.0,0.0,0.0,0.0,0.0,0.0,0.0,0.0,0.0,0.0,0.0,0.0,0.0,0.0,0.0
ɴ,0.0,0.0,0.0,0.0,0.0,0.0,0.0,0.0,0.0,0.0,0.0,0.0,0.0,0.0,0.0,0.0,0.0,0.0,0.0,0.0,0.0,0.0,0.0,0.0,0.0,0.0,0.0,0.0,0.0,0.0,0.0,0.0,0.0,0.0,0.0,0.0,0.0,0.0,0.0,0.0,0.0,0.0,0.0,0.0,0.0,0.0,0.0,0.0,0.0,0.0,0.0,0.0,0.0,0.0,0.0,0.0,0.0,0.0,0.0,0.0,0.0,0.0,0.0,0.0,0.0,0.0,0.0,0.0,0.0,0.0,0.0,0.0,0.0,0.0,0.0,0.0,0.0,0.0,0.0,0.0,0.0,0.0,0.0,0.0,0.0,0.0,0.0,0.0,0.0,0.0,0.0,0.0,0.0,0.0,0.0,0.0,0.0,0.0,0.0,0.0,0.0,0.0,0.0,0.0,0.0,0.0,0.0,0.0,0.0
o,0.0,0.0,0.0,0.0,0.0,0.0,0.0,0.0,0.0,0.0,0.0,0.0,0.0,0.0,0.0,0.0,0.0,0.0,0.0,0.0,0.0,0.0,0.0,0.0,0.0,0.0,0.0,0.0,0.0,0.0,0.0,0.0,0.0,0.0,0.0,0.0,0.0,0.0,0.0,0.0,0.0,0.0,0.0,0.0,0.0,0.0,0.0,0.0,0.0,0.0,0.0,0.0,0.0,0.0,0.0,0.0,0.0,0.0,0.0,0.0,0.0,0.0,0.0,0.0,0.0,0.0,0.0,0.0,0.0,0.0,0.0,0.0,0.0,0.0,0.0,0.0,0.0,0.0,0.0,0.0,0.0,0.0,0.0,0.0,1.0,0.0,0.0,0.0,0.0,0.0,0.0,0.0,0.0,0.0,0.0,0.0,0.0,0.0,0.0,0.0,0.0,0.0,0.0,0.0,0.0,0.0,0.0,0.0,0.0
ŏ,0.0,0.0,0.0,0.0,0.0,0.0,0.0,0.0,0.0,0.0,0.0,0.0,0.0,0.0,0.0,0.0,0.0,0.0,0.0,0.0,0.0,0.0,0.0,0.0,0.0,0.0,0.0,0.0,0.0,0.0,0.0,0.0,0.0,0.0,0.0,0.0,0.0,0.0,0.0,0.0,0.0,0.0,0.0,0.0,0.0,0.0,0.0,0.0,0.0,0.0,0.0,0.0,0.0,0.0,0.0,0.0,0.0,0.0,0.0,0.0,0.0,0.0,0.0,0.0,0.0,0.0,0.0,0.0,0.0,0.0,0.0,0.0,0.0,0.0,0.0,0.0,0.0,0.0,0.0,0.0,0.0,0.0,0.0,0.0,0.0,0.0,0.0,0.0,0.0,0.0,0.0,0.0,0.0,0.0,0.0,0.0,0.0,0.0,0.0,0.0,0.0,0.0,0.0,0.0,0.0,0.0,0.0,0.0,0.0
ɸ,0.0,0.0,0.0,0.0,0.0,0.0,0.0,0.0,0.0,0.0,0.0,0.0,0.0,0.0,0.0,0.0,0.0,0.0,0.0,0.0,0.0,0.0,0.0,0.0,0.0,0.0,0.0,0.0,0.0,0.0,0.0,0.0,0.0,0.0,0.0,0.0,0.0,0.0,0.0,0.0,0.0,0.0,0.0,0.0,0.0,0.0,0.0,0.0,0.0,0.0,0.0,0.0,0.0,0.0,0.0,0.0,0.0,0.0,0.0,0.0,0.0,0.0,0.0,0.0,0.0,0.0,0.0,0.0,0.0,0.0,0.0,0.0,0.0,0.0,0.0,0.0,0.0,0.0,0.0,0.0,0.0,0.0,0.0,0.0,0.0,0.0,0.0,0.0,0.0,0.0,0.0,0.0,0.0,0.0,0.0,0.0,0.0,0.0,0.0,0.0,0.0,0.0,0.0,0.0,0.0,0.0,0.0,0.0,0.0
θ,0.012453300124533,0.0,0.018991282689912826,0.0,0.02054794520547945,0.00809464508094645,0.0,0.0,0.0,0.0,0.03922789539227895,0.0,0.0,0.002801992528019925,0.0,0.0,0.0,0.0,0.0,0.008405977584059776,0.10242839352428394,0.0,0.026774595267745952,0.05821917808219178,0.005915317559153176,0.0,0.0,0.002801992528019925,0.0,0.0,0.0,0.0,0.08032378580323786,0.04825653798256538,0.0,0.0,0.005292652552926526,0.0,0.0,0.0,0.007471980074719801,0.0,0.0,0.0,0.0,0.0,0.018368617683686177,0.008717310087173101,0.007160647571606476,0.0,0.0,0.0,0.0,0.009028642590286426,0.0,0.0,0.0,0.004047322540473225,0.0,0.0,0.0,0.0,0.0,0.05884184308841843,0.0,0.0,0.0,0.0,0.03518057285180573,0.0,0.0,0.0,0.0,0.0,0.0,0.001556662515566625,0.004047322540473225,0.0,0.0,0.0,0.0,0.0,0.0,0.005915317559153176,0.0006226650062266501,0.0,0.0,0.0018679950186799503,0.0,0.0,0.0186799501867995,0.0,0.0,0.0,0.0,0.0,0.0,0.0,0.0,0.0,0.0,0.0,0.0,0.0,0.0,0.0,0.0,0.0,0.3779576587795766
p,0.023221666304111377,0.0,0.06640200130519905,0.0,0.04535566673917772,0.001631498803567544,0.0,0.0,0.0,0.0,0.031977376549923865,0.0,0.0,0.0016858820970197955,0.0,0.0,0.0,0.0,0.0,0.026484663911246466,0.08092234065695018,0.0,0.0665651511855558,0.08494670437241679,0.004405046769632369,0.0,0.0,0.0013051990428540352,0.0,0.0,0.0,0.0,0.052534261474874916,0.06651076789210354,0.0,0.0,0.013106373721992604,0.0,0.0,0.0,0.0052751794648683925,0.0,0.0,0.0,0.0,0.0,0.06547748531651076,0.002991081139873831,0.0026103980857080703,0.0,0.0,0.0,0.0,0.03301065912551664,0.0,0.0,0.00021753317380900588,0.00010876658690450294,0.0,0.0,0.0,0.0,0.0,0.1169784642157929,0.0,0.0,0.0,0.0,0.037687622362410265,0.0,0.0,0.0,0.0,0.0,0.0,0.0048401131172503805,0.03132477702849685,0.0,0.0,0.0,0.0,0.0,0.0,0.00891886012616924,0.005003262997607135,0.0,0.0,0.0003262997607135088,0.0,0.0,0.0019034152708288013,0.0,0.0,0.0,0.0,0.0,0.0,0.0,0.00010876658690450294,0.0,0.0,0.0,0.0,0.0,0.0,0.0,0.0,0.0,0.11616271481400914
p̅,0.0,0.0,0.0,0.0,0.0,0.0,0.0,0.0,0.0,0.0,0.0,0.0,0.0,0.0,0.0,0.0,0.0,0.0,0.0,0.0,0.0,0.0,0.0,0.0,0.0,0.0,0.0,0.0,0.0,0.0,0.0,0.0,0.0,0.0,0.0,0.0,0.0,0.0,0.0,0.0,0.0,0.0,0.0,0.0,0.0,0.0,0.0,0.0,0.0,0.0,0.0,0.0,0.0,0.0,0.0,0.0,0.0,0.0,0.0,0.0,0.0,0.0,0.0,0.0,0.0,0.0,0.0,0.0,0.0,0.0,0.0,0.0,0.0,0.0,0.0,0.0,0.0,0.0,0.0,0.0,0.0,0.0,0.0,0.0,0.0,0.0,0.0,0.0,0.0,0.0,0.0,0.0,0.0,0.0,0.0,0.0,0.0,0.0,0.0,0.0,0.0,0.0,0.0,0.0,0.0,0.0,0.0,0.0,0.0
þ,0.0,0.0,0.0,0.0,0.0,0.0,0.0,0.0,0.0,0.0,0.0,0.0,0.0,0.0,0.0,0.0,0.0,0.0,0.0,0.0,0.0,0.0,0.0,0.0,0.0,0.0,0.0,0.0,0.0,0.0,0.0,0.0,0.0,0.0,0.0,0.0,0.0,0.0,0.0,0.0,0.0,0.0,0.0,0.0,0.0,0.0,0.0,0.0,0.0,0.0,0.0,0.0,0.0,0.0,0.0,0.0,0.0,0.0,0.0,0.0,0.0,0.0,0.0,0.0,0.0,0.0,0.0,0.0,0.0,0.0,0.0,0.0,0.0,0.0,0.0,0.0,0.0,0.0,0.0,0.0,0.0,0.0,0.0,0.0,0.0,0.0,0.0,0.0,0.0,0.0,0.0,0.0,0.0,0.0,0.0,0.0,0.0,0.0,0.0,0.0,0.0,0.0,0.0,0.0,0.0,0.0,0.0,0.0,0.0
,0.0,0.0,0.0,0.0,0.0,0.0,0.0,0.0,0.0,0.0,0.0,0.0,0.0,0.0,0.0,0.0,0.0,0.0,0.0,0.0,0.0,0.0,0.0,0.0,0.0,0.0,0.0,0.0,0.0,0.0,0.0,0.0,0.0,0.0,0.0,0.0,0.0,0.0,0.0,0.0,0.0,0.0,0.0,0.0,0.0,0.0,0.0,0.0,0.0,0.0,0.0,0.0,0.0,0.0,0.0,0.0,0.0,0.0,0.0,0.0,0.0,0.0,0.0,0.0,0.0,0.0,0.0,0.0,0.0,0.0,0.0,0.0,0.0,0.0,0.0,0.0,0.0,0.0,0.0,0.0,0.0,0.0,0.0,0.0,0.0,0.0,0.0,0.0,0.0,0.0,0.0,0.0,0.0,0.0,0.0,0.0,0.0,0.0,0.0,0.0,0.0,0.0,0.0,0.0,0.0,0.0,0.0,0.0,0.0
q,0.0,0.0,0.0,0.0,0.0,0.0,0.0,0.0,0.0,0.0,0.0,0.0,0.0,0.0,0.0,0.0,0.0,0.0,0.0,0.0,0.0,0.0,0.0,0.0,0.0,0.0,0.0,0.0,0.0,0.0,0.0,0.0,0.0,0.0,0.0,0.0,0.0,0.0,0.0,0.0,0.0,0.0,0.0,0.0,0.0,0.0,0.0,0.0,0.0,0.0,0.0,0.0,0.0,0.0,0.0,0.0,0.0,0.0,0.0,0.0,0.0,0.0,0.0,0.0,0.0,0.0,0.0,0.0,0.0,0.0,0.0,0.0,0.0,0.0,0.0,0.0,0.0,0.0,0.0,0.0,0.0,0.0,0.0,0.0,0.0,0.0,0.0,0.0,0.0,0.0,0.0,0.0,0.0,0.0,0.0,0.0,0.0,0.0,0.0,0.0,0.0,0.0,0.0,0.0,0.0,0.0,0.0,0.0,0.0
r,0.0,0.0,0.0,0.0,0.0,0.0,0.0,0.0,0.0,0.0,0.0,0.0,0.0,0.0,0.0,0.0,0.0,0.0,0.0,0.0,0.0,0.0,0.0,0.0,0.0,0.0,0.0,0.0,0.0,0.0,0.0,0.0,0.0,0.0,0.0,0.0,0.0,0.0,0.0,0.0,0.0,0.0,0.0,0.0,0.0,0.0,0.0,0.0,0.0,0.0,0.0,0.0,0.0,0.0,0.0,0.0,0.0,0.0,0.0,0.0,0.0,0.0,0.0,0.0,0.0,0.0,0.0,0.0,0.0,0.0,0.0,0.0,0.0,0.0,0.0,0.0,0.0,0.0,0.0,0.0,0.0,0.0,0.0,0.0,0.0,0.0,0.0,0.0,0.0,0.0,0.0,0.0,0.0,0.0,0.0,0.0,0.0,0.0,0.0,0.0,0.0,0.0,0.0,0.0,0.0,0.0,0.0,0.0,0.0
ɹ,0.036851486102413414,0.0,0.04573919745652488,0.0,0.057637651139264896,0.010621898935401513,0.0,0.0,0.0,0.0,0.01847391492846476,0.0,0.0,0.03502095476660726,0.0,0.0,0.0,0.0,0.0003612890794354256,0.04005491594007418,0.1258972012139313,0.0,0.05968495592273231,0.0042391251987089935,0.005274820559757214,0.0,0.0,0.0017341875812900429,0.0,0.0,0.0,0.0,0.125632255889012,0.09868009056312925,0.0,0.0,0.0009634375451611349,0.0,0.0,0.0,0.020304446264270918,0.0,0.0,0.0,0.0,0.0,0.011320391155643336,0.018281227419432534,0.018425743051206707,9.63437545161135e-05,0.0,0.0,0.0,0.06377956548966714,0.0,0.0,0.0037333204874993977,0.006141914350402235,0.0,0.0,0.0,0.0,0.0,0.0003612890794354256,0.0,0.0,0.0,0.0,0.01493328194999759,0.0,0.0,0.0,0.0,0.0,0.0,0.0034442892239510575,0.04202996290765451,0.0,0.0,0.0,0.0,0.0,0.0,0.028614095091285707,0.0029384845127414616,0.0,0.0,0.004046437689676767,0.0,0.0,0.003227515776289802,0.0,0.0,0.0,0.0,0.0,0.0,0.0,0.013295438123223662,0.0,0.0,0.0,0.00012042969314514186,0.0,0.0,0.0,0.0,0.0,0.07803844115805193
ɾ,0.0,0.0,0.0,0.0,0.0,0.0,0.0,0.0,0.0,0.0,0.0,0.0,0.0,0.0,0.0,0.0,0.0,0.0,0.0,0.0,0.0,0.0,0.0,0.0,0.0,0.0,0.0,0.0,0.0,0.0,0.0,0.0,0.0,0.0,0.0,0.0,0.0,0.0,0.0,0.0,0.0,0.0,0.0,0.0,0.0,0.0,0.0,0.0,0.0,0.0,0.0,0.0,0.0,0.0,0.0,0.0,0.0,0.0,0.0,0.0,0.0,0.0,0.0,0.0,0.0,0.0,0.0,0.0,0.0,0.0,0.0,0.0,0.0,0.0,0.0,0.0,0.0,0.0,0.0,0.0,0.0,0.0,0.0,0.0,0.0,0.0,0.0,0.0,0.0,0.0,0.0,0.0,0.0,0.0,0.0,0.0,0.0,0.0,0.0,0.0,0.0,0.0,0.0,0.0,0.0,0.0,0.0,0.0,0.0
ʀ,0.0,0.0,0.0,0.0,0.0,0.0,0.0,0.0,0.0,0.0,0.0,0.0,0.0,0.0,0.0,0.0,0.0,0.0,0.0,0.0,0.0,0.0,0.0,0.0,0.0,0.0,0.0,0.0,0.0,0.0,0.0,0.0,0.0,0.0,0.0,0.0,0.0,0.0,0.0,0.0,0.0,0.0,0.0,0.0,0.0,0.0,0.0,0.0,0.0,0.0,0.0,0.0,0.0,0.0,0.0,0.0,0.0,0.0,0.0,0.0,0.0,0.0,0.0,0.0,0.0,0.0,0.0,0.0,0.0,0.0,0.0,0.0,0.0,0.0,0.0,0.0,0.0,0.0,0.0,0.0,0.0,0.0,0.0,0.0,0.0,0.0,0.0,0.0,0.0,0.0,0.0,0.0,0.0,0.0,0.0,0.0,0.0,0.0,0.0,0.0,0.0,0.0,0.0,0.0,0.0,0.0,0.0,0.0,0.0
ʁ,0.0,0.0,0.0,0.0,0.0,0.0,0.0,0.0,0.0,0.0,0.0,0.0,0.0,0.0,0.0,0.0,0.0,0.0,0.0,0.0,0.0,0.0,0.0,0.0,0.0,0.0,0.0,0.0,0.0,0.0,0.0,0.0,0.0,0.0,0.0,0.0,0.0,0.0,0.0,0.0,0.0,0.0,0.0,0.0,0.0,0.0,0.0,0.0,0.0,0.0,0.0,0.0,0.0,0.0,0.0,0.0,0.0,0.0,0.0,0.0,0.0,0.0,0.0,0.0,0.0,0.0,0.0,0.0,0.0,0.0,0.0,0.0,0.0,0.0,0.0,0.0,0.0,0.0,0.0,0.0,0.0,0.0,0.0,0.0,0.0,0.0,0.0,0.0,0.0,0.0,0.0,0.0,0.0,0.0,0.0,0.0,0.0,0.0,0.0,0.0,0.0,0.0,0.0,0.0,0.0,0.0,0.0,0.0,0.0
ṛ,0.0,0.0,0.0,0.0,0.0,0.0,0.0,0.0,0.0,0.0,0.0,0.0,0.0,0.0,0.0,0.0,0.0,0.0,0.0,0.0,0.0,0.0,0.0,0.0,0.0,0.0,0.0,0.0,0.0,0.0,0.0,0.0,0.0,0.0,0.0,0.0,0.0,0.0,0.0,0.0,0.0,0.0,0.0,0.0,0.0,0.0,0.0,0.0,0.0,0.0,0.0,0.0,0.0,0.0,0.0,0.0,0.0,0.0,0.0,0.0,0.0,0.0,0.0,0.0,0.0,0.0,0.0,0.0,0.0,0.0,0.0,0.0,0.0,0.0,0.0,0.0,0.0,0.0,0.0,0.0,0.0,0.0,0.0,0.0,0.0,0.0,0.0,0.0,0.0,0.0,0.0,0.0,0.0,0.0,0.0,0.0,0.0,0.0,0.0,0.0,0.0,0.0,0.0,0.0,0.0,0.0,0.0,0.0,0.0
s,0.01523766204230157,0.0,0.016090516261087106,0.0,0.01355090592070351,0.005571980896065499,0.0,0.0,0.0,0.0,0.007656735653096809,0.0,0.0,0.0016109468577060117,0.0,0.0,0.0,0.0,1.8952315973011903e-05,0.008547494503828367,0.08005458267000228,0.0,0.030228943976953984,0.019805170191797436,0.0037336062466833447,0.0,0.0,0.0013077098021378212,0.0,0.0,0.0,0.0,0.03871958153286332,0.05882798878022894,0.0,0.0,0.0004738078993252975,0.0,0.0,0.0,0.0624289288151012,0.0,0.0,0.0,0.0,0.0,0.01800470017436131,0.012925479493594117,0.008623303767720416,0.0,0.0,0.0,0.0,0.011125009476157986,0.0,0.0,0.0007012356910014403,0.0329580774770677,0.0,0.0,0.0,0.0,0.0,0.0016867561215980593,0.0,0.0,0.0,0.0,1.8952315973011903e-05,0.0,0.0,0.0,0.0,0.0,0.0,0.0001705708437571071,0.16124630429838527,0.0,0.0,0.0,0.0,0.0,0.0,0.01015844136153438,0.0004738078993252975,0.0,0.0,0.0010234250625426426,0.0,0.0,0.009836251989993177,0.0,0.0,0.0,0.0,0.0,0.0,0.0,0.0,0.0,0.0,0.0,0.00011371389583807141,0.0,0.0,0.0,0.0,0.0,0.3670684557652945
š,0.0,0.0,0.0,0.0,0.0,0.0,0.0,0.0,0.0,0.0,0.0,0.0,0.0,0.0,0.0,0.0,0.0,0.0,0.0,0.0,0.0,0.0,0.0,0.0,0.0,0.0,0.0,0.0,0.0,0.0,0.0,0.0,0.0,0.0,0.0,0.0,0.0,0.0,0.0,0.0,0.0,0.0,0.0,0.0,0.0,0.0,0.0,0.0,0.0,0.0,0.0,0.0,0.0,0.0,0.0,0.0,0.0,0.0,0.0,0.0,0.0,0.0,0.0,0.0,0.0,0.0,0.0,0.0,0.0,0.0,0.0,0.0,0.0,0.0,0.0,0.0,0.0,0.0,0.0,0.0,0.0,0.0,0.0,0.0,0.0,0.0,0.0,0.0,0.0,0.0,0.0,0.0,0.0,0.0,0.0,0.0,0.0,0.0,0.0,0.0,0.0,0.0,0.0,0.0,0.0,0.0,0.0,0.0,0.0
ś,0.0,0.0,0.0,0.0,0.0,0.0,0.0,0.0,0.0,0.0,0.0,0.0,0.0,0.0,0.0,0.0,0.0,0.0,0.0,0.0,0.0,0.0,0.0,0.0,0.0,0.0,0.0,0.0,0.0,0.0,0.0,0.0,0.0,0.0,0.0,0.0,0.0,0.0,0.0,0.0,0.0,0.0,0.0,0.0,0.0,0.0,0.0,0.0,0.0,0.0,0.0,0.0,0.0,0.0,0.0,0.0,0.0,0.0,0.0,0.0,0.0,0.0,0.0,0.0,0.0,0.0,0.0,0.0,0.0,0.0,0.0,0.0,0.0,0.0,0.0,0.0,0.0,0.0,0.0,0.0,0.0,0.0,0.0,0.0,0.0,0.0,0.0,0.0,0.0,0.0,0.0,0.0,0.0,0.0,0.0,0.0,0.0,0.0,0.0,0.0,0.0,0.0,0.0,0.0,0.0,0.0,0.0,0.0,0.0
,0.0,0.0,0.0,0.0,0.0,0.0,0.0,0.0,0.0,0.0,0.0,0.0,0.0,0.0,0.0,0.0,0.0,0.0,0.0,0.0,0.0,0.0,0.0,0.0,0.0,0.0,0.0,0.0,0.0,0.0,0.0,0.0,0.0,0.0,0.0,0.0,0.0,0.0,0.0,0.0,0.0,0.0,0.0,0.0,0.0,0.0,0.0,0.0,0.0,0.0,0.0,0.0,0.0,0.0,0.0,0.0,0.0,0.0,0.0,0.0,0.0,0.0,0.0,0.0,0.0,0.0,0.0,0.0,0.0,0.0,0.0,0.0,0.0,0.0,0.0,0.0,0.0,0.0,0.0,0.0,0.0,0.0,0.0,0.0,0.0,0.0,0.0,0.0,0.0,0.0,0.0,0.0,0.0,0.0,0.0,0.0,0.0,0.0,0.0,0.0,0.0,0.0,0.0,0.0,0.0,0.0,0.0,0.0,0.0
,0.0,0.0,0.0,0.0,0.0,0.0,0.0,0.0,0.0,0.0,0.0,0.0,0.0,0.0,0.0,0.0,0.0,0.0,0.0,0.0,0.0,0.0,0.0,0.0,0.0,0.0,0.0,0.0,0.0,0.0,0.0,0.0,0.0,0.0,0.0,0.0,0.0,0.0,0.0,0.0,0.0,0.0,0.0,0.0,0.0,0.0,0.0,0.0,0.0,0.0,0.0,0.0,0.0,0.0,0.0,0.0,0.0,0.0,0.0,0.0,0.0,0.0,0.0,0.0,0.0,0.0,0.0,0.0,0.0,0.0,0.0,0.0,0.0,0.0,0.0,0.0,0.0,0.0,0.0,0.0,0.0,0.0,0.0,0.0,0.0,0.0,0.0,0.0,0.0,0.0,0.0,0.0,0.0,0.0,0.0,0.0,0.0,0.0,0.0,0.0,0.0,0.0,0.0,0.0,0.0,0.0,0.0,0.0,0.0
ṣ,0.0,0.0,0.0,0.0,0.0,0.0,0.0,0.0,0.0,0.0,0.0,0.0,0.0,0.0,0.0,0.0,0.0,0.0,0.0,0.0,0.0,0.0,0.0,0.0,0.0,0.0,0.0,0.0,0.0,0.0,0.0,0.0,0.0,0.0,0.0,0.0,0.0,0.0,0.0,0.0,0.0,0.0,0.0,0.0,0.0,0.0,0.0,0.0,0.0,0.0,0.0,0.0,0.0,0.0,0.0,0.0,0.0,0.0,0.0,0.0,0.0,0.0,0.0,0.0,0.0,0.0,0.0,0.0,0.0,0.0,0.0,0.0,0.0,0.0,0.0,0.0,0.0,0.0,0.0,0.0,0.0,0.0,0.0,0.0,0.0,0.0,0.0,0.0,0.0,0.0,0.0,0.0,0.0,0.0,0.0,0.0,0.0,0.0,0.0,0.0,0.0,0.0,0.0,0.0,0.0,0.0,0.0,0.0,0.0
,0.0,0.0,0.0,0.0,0.0,0.0,0.0,0.0,0.0,0.0,0.0,0.0,0.0,0.0,0.0,0.0,0.0,0.0,0.0,0.0,0.0,0.0,0.0,0.0,0.0,0.0,0.0,0.0,0.0,0.0,0.0,0.0,0.0,0.0,0.0,0.0,0.0,0.0,0.0,0.0,0.0,0.0,0.0,0.0,0.0,0.0,0.0,0.0,0.0,0.0,0.0,0.0,0.0,0.0,0.0,0.0,0.0,0.0,0.0,0.0,0.0,0.0,0.0,0.0,0.0,0.0,0.0,0.0,0.0,0.0,0.0,0.0,0.0,0.0,0.0,0.0,0.0,0.0,0.0,0.0,0.0,0.0,0.0,0.0,0.0,0.0,0.0,0.0,0.0,0.0,0.0,0.0,0.0,0.0,0.0,0.0,0.0,0.0,0.0,0.0,0.0,0.0,0.0,0.0,0.0,0.0,0.0,0.0,0.0
ʃ,0.01814300960512273,0.0,0.0368196371398079,0.0,0.03445647202317426,0.006098490623570666,0.0,0.0,0.0,0.0,0.017075773745997867,0.0,0.0,0.0012959292575087666,0.0,0.0,0.0,0.0,0.0,0.018905320933069066,0.25560298826040556,0.0,0.05770696752553743,0.06144229303247446,0.0034304009757584997,0.0,0.0,0.0009147735935355999,0.0,0.0,0.0,0.0,0.06898917517914316,0.08980027443207807,0.0,0.0,0.0013721603903034,0.0,0.0,0.0,0.0066321085531330995,0.0,0.0,0.0,0.0,0.0,0.012120750114346698,0.0162372312852569,0.009528891599329166,0.0,0.0,0.0,0.0,0.0185241652690959,0.0,0.0,0.0,0.0005336179295624333,0.0,0.0,0.0,0.0,0.0,0.012883061442293033,0.0,0.0,0.0,0.0,0.00038115566397316664,0.0,0.0,0.0,0.0,0.0,0.0,0.0,0.017609391675560297,0.0,0.0,0.0,0.0,0.0,0.0,0.027824363470041164,0.006784570818722366,0.0,0.0,0.0006860801951517,0.0,0.0,0.0105198963256594,0.0,0.0,0.0,0.0,0.0,0.0,0.0,0.0,0.0,0.0,0.0,0.0,0.0,0.0,0.0,0.0,0.0,0.18768104894038726
t,0.014298995909259949,0.0,0.02314986984008925,0.0,0.018835998512458162,0.002305689847526962,0.0,0.0,0.0,0.0,0.013611007809594644,0.0,0.0,0.001152844923763481,0.0,0.0,0.0,0.0,7.437709185570845e-05,0.01744142804016363,0.08473410189661584,0.0,0.03341390851617702,0.06636296020825586,0.0028821123094087023,0.0,0.0,0.0018222387504648568,0.0,0.0,0.0,0.0,0.04438452956489401,0.0830606173298624,0.0,0.0,0.001004090740052064,0.0,0.0,0.0,0.0036444775009297136,0.0,0.0,0.0,0.0,0.0,0.011286723689103755,0.006061732986240238,0.005206396429899591,0.0,0.0,0.0,0.0,0.023131275567125326,0.0,0.0,9.297136481963555e-05,0.0012644105615470436,0.0,0.0,0.0,0.0,0.0,0.06764596504276683,0.0,0.0,0.0,0.0,0.07381926366679063,0.0,0.0,0.0,0.0,0.0,0.0,0.0795648940126441,0.0006136110078095947,0.0,0.0,0.0,0.0,0.0,0.0,0.009148382298252138,0.0013945704722945333,0.0,0.0,0.0006136110078095947,0.0,0.0,0.00572703607288955,0.0,0.0,0.0,0.0,0.0,0.0,0.0,0.00321680922275939,0.0,0.0,0.0,0.0,0.0,0.0,0.0,0.0,0.0,0.2990330978058758
ṭ,0.0,0.0,0.0,0.0,0.0,0.0,0.0,0.0,0.0,0.0,0.0,0.0,0.0,0.0,0.0,0.0,0.0,0.0,0.0,0.0,0.0,0.0,0.0,0.0,0.0,0.0,0.0,0.0,0.0,0.0,0.0,0.0,0.0,0.0,0.0,0.0,0.0,0.0,0.0,0.0,0.0,0.0,0.0,0.0,0.0,0.0,0.0,0.0,0.0,0.0,0.0,0.0,0.0,0.0,0.0,0.0,0.0,0.0,0.0,0.0,0.0,0.0,0.0,0.0,0.0,0.0,0.0,0.0,0.0,0.0,0.0,0.0,0.0,0.0,0.0,0.0,0.0,0.0,0.0,0.0,0.0,0.0,0.0,0.0,0.0,0.0,0.0,0.0,0.0,0.0,0.0,0.0,0.0,0.0,0.0,0.0,0.0,0.0,0.0,0.0,0.0,0.0,0.0,0.0,0.0,0.0,0.0,0.0,0.0
,0.0,0.0,0.0,0.0,0.0,0.0,0.0,0.0,0.0,0.0,0.0,0.0,0.0,0.0,0.0,0.0,0.0,0.0,0.0,0.0,0.0,0.0,0.0,0.0,0.0,0.0,0.0,0.0,0.0,0.0,0.0,0.0,0.0,0.0,0.0,0.0,0.0,0.0,0.0,0.0,0.0,0.0,0.0,0.0,0.0,0.0,0.0,0.0,0.0,0.0,0.0,0.0,0.0,0.0,0.0,0.0,0.0,0.0,0.0,0.0,0.0,0.0,0.0,0.0,0.0,0.0,0.0,0.0,0.0,0.0,0.0,0.0,0.0,0.0,0.0,0.0,0.0,0.0,0.0,0.0,0.0,0.0,0.0,0.0,0.0,0.0,0.0,0.0,0.0,0.0,0.0,0.0,0.0,0.0,0.0,0.0,0.0,0.0,0.0,0.0,0.0,0.0,0.0,0.0,0.0,0.0,0.0,0.0,0.0
ṯ,0.0,0.0,0.0,0.0,0.0,0.0,0.0,0.0,0.0,0.0,0.0,0.0,0.0,0.0,0.0,0.0,0.0,0.0,0.0,0.0,0.0,0.0,0.0,0.0,0.0,0.0,0.0,0.0,0.0,0.0,0.0,0.0,0.0,0.0,0.0,0.0,0.0,0.0,0.0,0.0,0.0,0.0,0.0,0.0,0.0,0.0,0.0,0.0,0.0,0.0,0.0,0.0,0.0,0.0,0.0,0.0,0.0,0.0,0.0,0.0,0.0,0.0,0.0,0.0,0.0,0.0,0.0,0.0,0.0,0.0,0.0,0.0,0.0,0.0,0.0,0.0,0.0,0.0,0.0,0.0,0.0,0.0,0.0,0.0,0.0,0.0,0.0,0.0,0.0,0.0,0.0,0.0,0.0,0.0,0.0,0.0,0.0,0.0,0.0,0.0,0.0,0.0,0.0,0.0,0.0,0.0,0.0,0.0,0.0
,0.0,0.0,0.0,0.0,0.0,0.0,0.0,0.0,0.0,0.0,0.0,0.0,0.0,0.0,0.0,0.0,0.0,0.0,0.0,0.0,0.0,0.0,0.0,0.0,0.0,0.0,0.0,0.0,0.0,0.0,0.0,0.0,0.0,0.0,0.0,0.0,0.0,0.0,0.0,0.0,0.0,0.0,0.0,0.0,0.0,0.0,0.0,0.0,0.0,0.0,0.0,0.0,0.0,0.0,0.0,0.0,0.0,0.0,0.0,0.0,0.0,0.0,0.0,0.0,0.0,0.0,0.0,0.0,0.0,0.0,0.0,0.0,0.0,0.0,0.0,0.0,0.0,0.0,0.0,0.0,0.0,0.0,0.0,0.0,0.0,0.0,0.0,0.0,0.0,0.0,0.0,0.0,0.0,0.0,0.0,0.0,0.0,0.0,0.0,0.0,0.0,0.0,0.0,0.0,0.0,0.0,0.0,0.0,0.0
ʨ,0.0,0.0,0.0,0.0,0.0,0.0,0.0,0.0,0.0,0.0,0.0,0.0,0.0,0.0,0.0,0.0,0.0,0.0,0.0,0.0,0.0,0.0,0.0,0.0,0.0,0.0,0.0,0.0,0.0,0.0,0.0,0.0,0.0,0.0,0.0,0.0,0.0,0.0,0.0,0.0,0.0,0.0,0.0,0.0,0.0,0.0,0.0,0.0,0.0,0.0,0.0,0.0,0.0,0.0,0.0,0.0,0.0,0.0,0.0,0.0,0.0,0.0,0.0,0.0,0.0,0.0,0.0,0.0,0.0,0.0,0.0,0.0,0.0,0.0,0.0,0.0,0.0,0.0,0.0,0.0,0.0,0.0,0.0,0.0,0.0,0.0,0.0,0.0,0.0,0.0,0.0,0.0,0.0,0.0,0.0,0.0,0.0,0.0,0.0,0.0,0.0,0.0,0.0,0.0,0.0,0.0,0.0,0.0,0.0
tʂ,0.0,0.0,0.0,0.0,0.0,0.0,0.0,0.0,0.0,0.0,0.0,0.0,0.0,0.0,0.0,0.0,0.0,0.0,0.0,0.0,0.0,0.0,0.0,0.0,0.0,0.0,0.0,0.0,0.0,0.0,0.0,0.0,0.0,0.0,0.0,0.0,0.0,0.0,0.0,0.0,0.0,0.0,0.0,0.0,0.0,0.0,0.0,0.0,0.0,0.0,0.0,0.0,0.0,0.0,0.0,0.0,0.0,0.0,0.0,0.0,0.0,0.0,0.0,0.0,0.0,0.0,0.0,0.0,0.0,0.0,0.0,0.0,0.0,0.0,0.0,0.0,0.0,0.0,0.0,0.0,0.0,0.0,0.0,0.0,0.0,0.0,0.0,0.0,0.0,0.0,0.0,0.0,0.0,0.0,0.0,0.0,0.0,0.0,0.0,0.0,0.0,0.0,0.0,0.0,0.0,0.0,0.0,0.0,0.0
u,0.0015131863380890619,0.0,0.00648508430609598,0.0,0.0029182879377431907,0.036640726329442284,0.0,0.0,0.0,0.0,0.0011889321227842628,0.0,0.0,0.06636402939904885,0.0,0.0,0.0,0.0,0.0018374405533938608,0.007674016428880242,0.03329009943795936,0.0,0.008971033290099437,0.012862083873757025,0.01340250756593169,0.0,0.0,0.005836575875486381,0.0,0.0,0.0,0.0,0.010268050151318634,0.01913099870298314,0.0,0.0,0.0033506268914829224,0.0,0.0,0.0,0.03988326848249027,0.0,0.0,0.0,0.0,0.0,0.08073929961089495,0.06539126675313446,0.07911802853437094,0.002053610030263727,0.0,0.0,0.0,0.004215304798962386,0.0,0.0,0.011997405966277562,0.048638132295719845,0.0,0.0,0.0,0.0,0.0,0.01913099870298314,0.0,0.0,0.0,0.0,0.05728491137051448,0.0,0.0,0.0,0.0,0.0,0.0,0.014267185473411154,0.10505836575875487,0.0,0.0,0.0,0.0,0.0,0.0,0.00043233895373973193,0.000540423692174665,0.0,0.0,0.018266320795503676,0.0,0.0,0.0025940337224383916,0.0,0.0,0.0,0.0,0.0,0.0,0.0,0.06344574146130566,0.0,0.0,0.0,0.005404236921746649,0.0,0.0,0.0,0.0,0.0,0.14980544747081712
ʊ,0.0003629105425512611,0.0,0.002286336418072945,0.0,0.0008346942478679005,0.02231899836690256,0.0,0.0,0.0,0.0,0.0005443658138268917,0.0,0.0,0.04873888586463437,0.0,0.0,0.0,0.0,0.0007621121393576484,0.0010887316276537834,0.01193975684993649,0.0,0.0011250226819089094,0.01193975684993649,0.007403375068045726,0.0,0.0,0.005625113409544547,0.0,0.0,0.0,0.0,0.002939575394665215,0.0061331881691163125,0.0,0.0,0.0018508437670114316,0.0,0.0,0.0,0.04129921974233351,0.0,0.0,0.0,0.0,0.0,0.10252222827073126,0.032153874070041735,0.08042097622935947,0.001270186898929414,0.0,0.0,0.0,0.0007258210851025222,0.0,0.0,0.004064598076574125,0.015459989112683724,0.0,0.0,0.0,0.0,0.0,0.03026673924877518,0.0,0.0,0.0,0.0,0.04721466158591907,0.0,0.0,0.0,0.0,0.0,0.0,0.010488114679731446,0.056577753583741605,0.0,0.0,0.0,0.0,0.0,0.0,0.0003629105425512611,0.00010887316276537834,0.0,0.0,0.029794955543458537,0.0,0.0,0.0019234258755216839,0.0,0.0,0.0,0.0,0.0,0.0,0.0,0.045508982035928146,0.0,0.0,0.0,0.0011613137361640355,0.0,0.0,0.0,0.0,0.0,0.3727817093086554
ŭ,0.0,0.0,0.0,0.0,0.0,0.0,0.0,0.0,0.0,0.0,0.0,0.0,0.0,0.0,0.0,0.0,0.0,0.0,0.0,0.0,0.0,0.0,0.0,0.0,0.0,0.0,0.0,0.0,0.0,0.0,0.0,0.0,0.0,0.0,0.0,0.0,0.0,0.0,0.0,0.0,0.0,0.0,0.0,0.0,0.0,0.0,0.0,0.0,0.0,0.0,0.0,0.0,0.0,0.0,0.0,0.0,0.0,0.0,0.0,0.0,0.0,0.0,0.0,0.0,0.0,0.0,0.0,0.0,0.0,0.0,0.0,0.0,0.0,0.0,0.0,0.0,0.0,0.0,0.0,0.0,0.0,0.0,0.0,0.0,0.0,0.0,0.0,0.0,0.0,0.0,0.0,0.0,0.0,0.0,0.0,0.0,0.0,0.0,0.0,0.0,0.0,0.0,0.0,0.0,0.0,0.0,0.0,0.0,0.0
ü,0.0,0.0,0.0,0.0,0.0,0.0,0.0,0.0,0.0,0.0,0.0,0.0,0.0,0.0,0.0,0.0,0.0,0.0,0.0,0.0,0.0,0.0,0.0,0.0,0.0,0.0,0.0,0.0,0.0,0.0,0.0,0.0,0.0,0.0,0.0,0.0,0.0,0.0,0.0,0.0,0.0,0.0,0.0,0.0,0.0,0.0,0.0,0.0,0.0,0.0,0.0,0.0,0.0,0.0,0.0,0.0,0.0,0.0,0.0,0.0,0.0,0.0,0.0,0.0,0.0,0.0,0.0,0.0,0.0,0.0,0.0,0.0,0.0,0.0,0.0,0.0,0.0,0.0,0.0,0.0,0.0,0.0,0.0,0.0,0.0,0.0,0.0,0.0,0.0,0.0,0.0,0.0,0.0,0.0,0.0,0.0,0.0,0.0,0.0,0.0,0.0,0.0,0.0,0.0,0.0,0.0,0.0,0.0,0.0
v,0.02966058505758842,0.0,0.04821119151972276,0.0,0.06299052084395067,0.0006115584547956376,0.0,0.0,0.0,0.0,0.014779329324227907,0.0,0.0,0.009784935276730201,0.0,0.0,0.0,0.0,0.00010192640913260625,0.03057792273978188,0.11487106309244725,0.0,0.06808684130058099,0.14463357455916828,0.0003057792273978188,0.0,0.0,0.000407705636530425,0.0,0.0,0.0,0.0,0.07532361634899602,0.14606054428702478,0.0,0.0,0.008663744776271532,0.0,0.0,0.0,0.001528896136989094,0.0,0.0,0.0,0.0,0.0,0.019264091326062584,0.002038528182652125,0.005198246865762919,0.0,0.0,0.0,0.0,0.02701049842014066,0.0,0.0,0.000407705636530425,0.0002038528182652125,0.0,0.0,0.0,0.0,0.0,0.009784935276730201,0.0,0.0,0.0,0.0,0.0038732035470390377,0.0,0.0,0.0,0.0,0.0,0.0,0.00010192640913260625,0.0018346753643869126,0.0,0.0,0.0,0.0,0.0,0.0,0.0018346753643869126,0.0012231169095912751,0.0,0.0,0.0,0.0,0.0,0.0016308225461217,0.0,0.0,0.0,0.0,0.0,0.0,0.0,0.024666191010090713,0.0,0.0,0.0,0.0,0.0,0.0,0.0,0.0,0.0,0.14432779533177045
ʌ,0.0,0.0,0.0,0.0,0.0,0.0,0.0,0.0,0.0,0.0,0.0,0.0,0.0,0.0,0.0,0.0,0.0,0.0,0.0,0.0,0.0,0.0,0.0,0.0,0.0,0.0,0.0,0.0,0.0,0.0,0.0,0.0,0.0,0.0,0.0,0.0,0.0,0.0,0.0,0.0,0.0,0.0,0.0,0.0,0.0,0.0,0.0,0.0,0.0,0.0,0.0,0.0,0.0,0.0,0.0,0.0,0.0,0.0,0.0,0.0,0.0,0.0,0.0,0.0,0.0,0.0,0.0,0.0,0.0,0.0,0.0,0.0,0.0,0.0,0.0,0.0,0.0,0.0,0.0,0.0,0.0,0.0,0.0,0.0,0.0,0.0,0.0,0.0,0.0,0.0,0.0,0.0,0.0,0.0,0.0,0.0,0.0,0.0,0.0,0.0,0.0,0.0,0.0,0.0,0.0,0.0,0.0,0.0,0.0
ɣ,0.0,0.0,0.0,0.0,0.0,0.0,0.0,0.0,0.0,0.0,0.0,0.0,0.0,0.0,0.0,0.0,0.0,0.0,0.0,0.0,0.0,0.0,0.0,0.0,0.0,0.0,0.0,0.0,0.0,0.0,0.0,0.0,0.0,0.0,0.0,0.0,0.0,0.0,0.0,0.0,0.0,0.0,0.0,0.0,0.0,0.0,0.0,0.0,0.0,0.0,0.0,0.0,0.0,0.0,0.0,0.0,0.0,0.0,0.0,0.0,0.0,0.0,0.0,0.0,0.0,0.0,0.0,0.0,0.0,0.0,0.0,0.0,0.0,0.0,0.0,0.0,0.0,0.0,0.0,0.0,0.0,0.0,0.0,0.0,0.0,0.0,0.0,0.0,0.0,0.0,0.0,0.0,0.0,0.0,0.0,0.0,0.0,0.0,0.0,0.0,0.0,0.0,0.0,0.0,0.0,0.0,0.0,0.0,0.0
w,0.0772462393278222,0.0,0.09350860550210055,0.0,0.014500609838731535,0.0,0.0,0.0,0.0,0.0,0.10353706464290555,0.0,0.0,0.0,0.0,0.0,0.0,0.0,0.0,0.08320910692505759,0.053801328093237566,0.0,0.13890771107196098,0.08862989564981705,0.0,0.0,0.0,0.0,0.0,0.0,0.0,0.0,0.0642363463883995,0.2070741292858111,0.0,0.0,0.0,0.0,0.0,0.0,0.0,0.0,0.0,0.0,0.0,0.0,0.0,0.0,0.0002710394362379726,0.0,0.0,0.0,0.0,0.018295161946063152,0.0,0.0,0.0,0.0,0.0,0.0,0.0,0.0,0.0,0.0001355197181189863,0.0,0.0,0.0,0.0,0.00040655915435695893,0.0,0.0,0.0,0.0,0.0,0.0,0.0,0.0,0.0,0.0,0.0,0.0,0.0,0.0,0.00623390703347337,0.048651578804716086,0.0,0.0,0.0,0.0,0.0,0.0,0.0,0.0,0.0,0.0,0.0,0.0,0.0,0.0,0.0,0.0,0.0,0.0,0.0,0.0,0.0,0.0,0.0,0.001355197181189863
ʍ,0.0,0.0,0.0,0.0,0.0,0.0,0.0,0.0,0.0,0.0,0.0,0.0,0.0,0.0,0.0,0.0,0.0,0.0,0.0,0.0,0.0,0.0,0.0,0.0,0.0,0.0,0.0,0.0,0.0,0.0,0.0,0.0,0.0,0.0,0.0,0.0,0.0,0.0,0.0,0.0,0.0,0.0,0.0,0.0,0.0,0.0,0.0,0.0,0.0,0.0,0.0,0.0,0.0,0.0,0.0,0.0,0.0,0.0,0.0,0.0,0.0,0.0,0.0,0.0,0.0,0.0,0.0,0.0,0.0,0.0,0.0,0.0,0.0,0.0,0.0,0.0,0.0,0.0,0.0,0.0,0.0,0.0,0.0,0.0,0.0,0.0,0.0,0.0,0.0,0.0,0.0,0.0,0.0,0.0,0.0,0.0,0.0,0.0,0.0,0.0,0.0,0.0,0.0,0.0,0.0,0.0,0.0,0.0,0.0
x,0.0,0.0,0.0,0.0,0.0,0.0,0.0,0.0,0.0,0.0,0.0,0.0,0.0,0.0,0.0,0.0,0.0,0.0,0.0,0.0,0.0,0.0,0.0,0.0,0.0,0.0,0.0,0.0,0.0,0.0,0.0,0.0,0.0,0.0,0.0,0.0,0.0,0.0,0.0,0.0,0.0,0.0,0.0,0.0,0.0,0.0,0.0,0.0,0.0,0.0,0.0,0.0,0.0,0.0,0.0,0.0,0.0,0.0,0.0,0.0,0.0,0.0,0.0,0.0,0.0,0.0,0.0,0.0,0.0,0.0,0.0,0.0,0.0,0.0,0.0,0.0,0.0,0.0,0.0,0.0,0.0,0.0,0.0,0.0,0.0,0.0,0.0,0.0,0.0,0.0,0.0,0.0,0.0,0.0,0.0,0.0,0.0,0.0,0.0,0.0,0.0,0.0,0.0,0.0,0.0,0.0,0.0,0.0,0.0
χ,0.0,0.0,0.0,0.0,0.0,0.0,0.0,0.0,0.0,0.0,0.0,0.0,0.0,0.0,0.0,0.0,0.0,0.0,0.0,0.0,0.0,0.0,0.0,0.0,0.0,0.0,0.0,0.0,0.0,0.0,0.0,0.0,0.0,0.0,0.0,0.0,0.0,0.0,0.0,0.0,0.0,0.0,0.0,0.0,0.0,0.0,0.0,0.0,0.0,0.0,0.0,0.0,0.0,0.0,0.0,0.0,0.0,0.0,0.0,0.0,0.0,0.0,0.0,0.0,0.0,0.0,0.0,0.0,0.0,0.0,0.0,0.0,0.0,0.0,0.0,0.0,0.0,0.0,0.0,0.0,0.0,0.0,0.0,0.0,0.0,0.0,0.0,0.0,0.0,0.0,0.0,0.0,0.0,0.0,0.0,0.0,0.0,0.0,0.0,0.0,0.0,0.0,0.0,0.0,0.0,0.0,0.0,0.0,0.0
y,0.0,0.0,0.0,0.0,0.0,0.0,0.0,0.0,0.0,0.0,0.0,0.0,0.0,0.0,0.0,0.0,0.0,0.0,0.0,0.0,0.0,0.0,0.0,0.0,0.0,0.0,0.0,0.0,0.0,0.0,0.0,0.0,0.0,0.0,0.0,0.0,0.0,0.0,0.0,0.0,0.0,0.0,0.0,0.0,0.0,0.0,0.0,0.0,0.0,0.0,0.0,0.0,0.0,0.0,0.0,0.0,0.0,0.0,0.0,0.0,0.0,0.0,0.0,0.0,0.0,0.0,0.0,0.0,0.0,0.0,0.0,0.0,0.0,0.0,0.0,0.0,0.0,0.0,0.0,0.0,0.0,0.0,0.0,0.0,0.0,0.0,0.0,0.0,0.0,0.0,0.0,0.0,0.0,0.0,0.0,0.0,0.0,0.0,0.0,0.0,0.0,0.0,0.0,0.0,0.0,0.0,0.0,0.0,0.0
,0.0,0.0,0.0,0.0,0.0,0.0,0.0,0.0,0.0,0.0,0.0,0.0,0.0,0.0,0.0,0.0,0.0,0.0,0.0,0.0,0.0,0.0,0.0,0.0,0.0,0.0,0.0,0.0,0.0,0.0,0.0,0.0,0.0,0.0,0.0,0.0,0.0,0.0,0.0,0.0,0.0,0.0,0.0,0.0,0.0,0.0,0.0,0.0,0.0,0.0,0.0,0.0,0.0,0.0,0.0,0.0,0.0,0.0,0.0,0.0,0.0,0.0,0.0,0.0,0.0,0.0,0.0,0.0,0.0,0.0,0.0,0.0,0.0,0.0,0.0,0.0,0.0,0.0,0.0,0.0,0.0,0.0,0.0,0.0,0.0,0.0,0.0,0.0,0.0,0.0,0.0,0.0,0.0,0.0,0.0,0.0,0.0,0.0,0.0,0.0,0.0,0.0,0.0,0.0,0.0,0.0,0.0,0.0,0.0
ʸ,0.0,0.0,0.0,0.0,0.0,0.0,0.0,0.0,0.0,0.0,0.0,0.0,0.0,0.0,0.0,0.0,0.0,0.0,0.0,0.0,0.0,0.0,0.0,0.0,0.0,0.0,0.0,0.0,0.0,0.0,0.0,0.0,0.0,0.0,0.0,0.0,0.0,0.0,0.0,0.0,0.0,0.0,0.0,0.0,0.0,0.0,0.0,0.0,0.0,0.0,0.0,0.0,0.0,0.0,0.0,0.0,0.0,0.0,0.0,0.0,0.0,0.0,0.0,0.0,0.0,0.0,0.0,0.0,0.0,0.0,0.0,0.0,0.0,0.0,0.0,0.0,0.0,0.0,0.0,0.0,0.0,0.0,0.0,0.0,0.0,0.0,0.0,0.0,0.0,0.0,0.0,0.0,0.0,0.0,0.0,0.0,0.0,0.0,0.0,0.0,0.0,0.0,0.0,0.0,0.0,0.0,0.0,0.0,0.0
ʎ,0.0,0.0,0.0,0.0,0.0,0.0,0.0,0.0,0.0,0.0,0.0,0.0,0.0,0.0,0.0,0.0,0.0,0.0,0.0,0.0,0.0,0.0,0.0,0.0,0.0,0.0,0.0,0.0,0.0,0.0,0.0,0.0,0.0,0.0,0.0,0.0,0.0,0.0,0.0,0.0,0.0,0.0,0.0,0.0,0.0,0.0,0.0,0.0,0.0,0.0,0.0,0.0,0.0,0.0,0.0,0.0,0.0,0.0,0.0,0.0,0.0,0.0,0.0,0.0,0.0,0.0,0.0,0.0,0.0,0.0,0.0,0.0,0.0,0.0,0.0,0.0,0.0,0.0,0.0,0.0,0.0,0.0,0.0,0.0,0.0,0.0,0.0,0.0,0.0,0.0,0.0,0.0,0.0,0.0,0.0,0.0,0.0,0.0,0.0,0.0,0.0,0.0,0.0,0.0,0.0,0.0,0.0,0.0,0.0
z,0.0026742518172756667,0.0,0.0064911385019327545,0.0,0.004789341890939149,0.00464347360999684,0.0,0.0,0.0,0.0,0.0019935331728782243,0.0,0.0,0.009797486203291761,0.0,0.0,0.0,0.0,0.0,0.00464347360999684,0.03094838693992658,0.0,0.006320958840833394,0.01346850460700654,0.00034035932219872125,0.0,0.0,0.00029173656188461817,0.0,0.0,0.0,0.0,0.01458682809423091,0.02433569153720857,0.0,0.0,9.724552062820607e-05,0.0,0.0,0.0,0.0010453893467532152,0.0,0.0,0.0,0.0,0.0,0.0037925753045000366,0.006004910898791725,0.0023338924950769453,0.0,0.0,0.0,0.0,0.004837964651253252,0.0,0.0,0.0,0.0005105389832980818,0.0,0.0,0.0,0.0,0.0,0.0009481438261250091,0.0,0.0,0.0,0.0,0.00019449104125641214,0.0,0.0,0.0,0.0,0.0,0.0,0.0,0.0006077845039262878,0.0,0.0,0.0,0.0,0.0,0.0,0.002625629056961564,0.00034035932219872125,0.0,0.0,0.000753652784868597,0.0,0.0,0.0023338924950769453,0.0,0.0,0.0,0.0,0.0,0.0,0.0,2.4311380157051517e-05,0.0,0.0,0.0,0.0,0.0,0.0,0.0,0.0,0.0,0.8482240536795274
ẓ,0.0,0.0,0.0,0.0,0.0,0.0,0.0,0.0,0.0,0.0,0.0,0.0,0.0,0.0,0.0,0.0,0.0,0.0,0.0,0.0,0.0,0.0,0.0,0.0,0.0,0.0,0.0,0.0,0.0,0.0,0.0,0.0,0.0,0.0,0.0,0.0,0.0,0.0,0.0,0.0,0.0,0.0,0.0,0.0,0.0,0.0,0.0,0.0,0.0,0.0,0.0,0.0,0.0,0.0,0.0,0.0,0.0,0.0,0.0,0.0,0.0,0.0,0.0,0.0,0.0,0.0,0.0,0.0,0.0,0.0,0.0,0.0,0.0,0.0,0.0,0.0,0.0,0.0,0.0,0.0,0.0,0.0,0.0,0.0,0.0,0.0,0.0,0.0,0.0,0.0,0.0,0.0,0.0,0.0,0.0,0.0,0.0,0.0,0.0,0.0,0.0,0.0,0.0,0.0,0.0,0.0,0.0,0.0,0.0
,0.0,0.0,0.0,0.0,0.0,0.0,0.0,0.0,0.0,0.0,0.0,0.0,0.0,0.0,0.0,0.0,0.0,0.0,0.0,0.0,0.0,0.0,0.0,0.0,0.0,0.0,0.0,0.0,0.0,0.0,0.0,0.0,0.0,0.0,0.0,0.0,0.0,0.0,0.0,0.0,0.0,0.0,0.0,0.0,0.0,0.0,0.0,0.0,0.0,0.0,0.0,0.0,0.0,0.0,0.0,0.0,0.0,0.0,0.0,0.0,0.0,0.0,0.0,0.0,0.0,0.0,0.0,0.0,0.0,0.0,0.0,0.0,0.0,0.0,0.0,0.0,0.0,0.0,0.0,0.0,0.0,0.0,0.0,0.0,0.0,0.0,0.0,0.0,0.0,0.0,0.0,0.0,0.0,0.0,0.0,0.0,0.0,0.0,0.0,0.0,0.0,0.0,0.0,0.0,0.0,0.0,0.0,0.0,0.0
ž,0.0,0.0,0.0,0.0,0.0,0.0,0.0,0.0,0.0,0.0,0.0,0.0,0.0,0.0,0.0,0.0,0.0,0.0,0.0,0.0,0.0,0.0,0.0,0.0,0.0,0.0,0.0,0.0,0.0,0.0,0.0,0.0,0.0,0.0,0.0,0.0,0.0,0.0,0.0,0.0,0.0,0.0,0.0,0.0,0.0,0.0,0.0,0.0,0.0,0.0,0.0,0.0,0.0,0.0,0.0,0.0,0.0,0.0,0.0,0.0,0.0,0.0,0.0,0.0,0.0,0.0,0.0,0.0,0.0,0.0,0.0,0.0,0.0,0.0,0.0,0.0,0.0,0.0,0.0,0.0,0.0,0.0,0.0,0.0,0.0,0.0,0.0,0.0,0.0,0.0,0.0,0.0,0.0,0.0,0.0,0.0,0.0,0.0,0.0,0.0,0.0,0.0,0.0,0.0,0.0,0.0,0.0,0.0,0.0
ʒ,0.012452107279693486,0.0,0.034323116219667944,0.0,0.03639846743295019,0.0007982120051085569,0.0,0.0,0.0,0.0,0.025383141762452106,0.0,0.0,0.01867816091954023,0.0,0.0,0.0,0.0,0.0,0.017241379310344827,0.17512771392081736,0.0,0.1039272030651341,0.08397190293742018,0.0009578544061302681,0.0,0.0,0.001277139208173691,0.0,0.0,0.0,0.0,0.10057471264367816,0.12659642401021712,0.0,0.0,0.0015964240102171138,0.0,0.0,0.0,0.003033205619412516,0.0,0.0,0.0,0.0,0.0,0.0028735632183908046,0.008461047254150703,0.001277139208173691,0.0,0.0,0.0,0.0,0.02442528735632184,0.0,0.0,0.0,0.001277139208173691,0.0,0.0,0.0,0.0,0.0,0.0007982120051085569,0.0,0.0,0.0,0.0,0.0014367816091954023,0.0,0.0,0.0,0.0,0.0,0.0,0.00031928480204342275,0.0009578544061302681,0.0,0.0,0.0,0.0,0.0,0.0,0.031928480204342274,0.004629629629629629,0.0,0.0,0.00031928480204342275,0.0,0.0,0.004789272030651341,0.0,0.0,0.0,0.0,0.0,0.0,0.0,0.00015964240102171138,0.0,0.0,0.0,0.0,0.0,0.0,0.0,0.0,0.0,0.17401021711366538
’,0.0,0.0,0.0,0.0,0.0,0.0,0.0,0.0,0.0,0.0,0.0,0.0,0.0,0.0,0.0,0.0,0.0,0.0,0.0,0.0,0.0,0.0,0.0,0.0,0.0,0.0,0.0,0.0,0.0,0.0,0.0,0.0,0.0,0.0,0.0,0.0,0.0,0.0,0.0,0.0,0.0,0.0,0.0,0.0,0.0,0.0,0.0,0.0,0.0,0.0,0.0,0.0,0.0,0.0,0.0,0.0,0.0,0.0,0.0,0.0,0.0,0.0,0.0,0.0,0.0,0.0,0.0,0.0,0.0,0.0,0.0,0.0,0.0,0.0,0.0,0.0,0.0,0.0,0.0,0.0,0.0,0.0,0.0,0.0,0.0,0.0,0.0,0.0,0.0,0.0,0.0,0.0,0.0,0.0,0.0,0.0,0.0,0.0,0.0,0.0,0.0,0.0,0.0,0.0,0.0,0.0,0.0,0.0,0.0
‘,0.0,0.0,0.0,0.0,0.0,0.0,0.0,0.0,0.0,0.0,0.0,0.0,0.0,0.0,0.0,0.0,0.0,0.0,0.0,0.0,0.0,0.0,0.0,0.0,0.0,0.0,0.0,0.0,0.0,0.0,0.0,0.0,0.0,0.0,0.0,0.0,0.0,0.0,0.0,0.0,0.0,0.0,0.0,0.0,0.0,0.0,0.0,0.0,0.0,0.0,0.0,0.0,0.0,0.0,0.0,0.0,0.0,0.0,0.0,0.0,0.0,0.0,0.0,0.0,0.0,0.0,0.0,0.0,0.0,0.0,0.0,0.0,0.0,0.0,0.0,0.0,0.0,0.0,0.0,0.0,0.0,0.0,0.0,0.0,0.0,0.0,0.0,0.0,0.0,0.0,0.0,0.0,0.0,0.0,0.0,0.0,0.0,0.0,0.0,0.0,0.0,0.0,0.0,0.0,0.0,0.0,0.0,0.0,0.0
ʔ,0.0,0.0,0.0,0.0,0.0,0.0,0.0,0.0,0.0,0.0,0.0,0.0,0.0,0.0,0.0,0.0,0.0,0.0,0.0,0.0,0.0,0.0,0.0,0.0,0.0,0.0,0.0,0.0,0.0,0.0,0.0,0.0,0.0,0.0,0.0,0.0,0.0,0.0,0.0,0.0,0.0,0.0,0.0,0.0,0.0,0.0,0.0,0.0,0.0,0.0,0.0,0.0,0.0,0.0,0.0,0.0,0.0,0.0,0.0,0.0,0.0,0.0,0.0,0.0,0.0,0.0,0.0,0.0,0.0,0.0,0.0,0.0,0.0,0.0,0.0,0.0,0.0,0.0,0.0,0.0,0.0,0.0,0.0,0.0,0.0,0.0,0.0,0.0,0.0,0.0,0.0,0.0,0.0,0.0,0.0,0.0,0.0,0.0,0.0,0.0,0.0,0.0,0.0,0.0,0.0,0.0,0.0,0.0,0.0
ʕ,0.0,0.0,0.0,0.0,0.0,0.0,0.0,0.0,0.0,0.0,0.0,0.0,0.0,0.0,0.0,0.0,0.0,0.0,0.0,0.0,0.0,0.0,0.0,0.0,0.0,0.0,0.0,0.0,0.0,0.0,0.0,0.0,0.0,0.0,0.0,0.0,0.0,0.0,0.0,0.0,0.0,0.0,0.0,0.0,0.0,0.0,0.0,0.0,0.0,0.0,0.0,0.0,0.0,0.0,0.0,0.0,0.0,0.0,0.0,0.0,0.0,0.0,0.0,0.0,0.0,0.0,0.0,0.0,0.0,0.0,0.0,0.0,0.0,0.0,0.0,0.0,0.0,0.0,0.0,0.0,0.0,0.0,0.0,0.0,0.0,0.0,0.0,0.0,0.0,0.0,0.0,0.0,0.0,0.0,0.0,0.0,0.0,0.0,0.0,0.0,0.0,0.0,0.0,0.0,0.0,0.0,0.0,0.0,0.0
,0.0,0.0,0.0,0.0,0.0,0.0,0.0,0.0,0.0,0.0,0.0,0.0,0.0,0.0,0.0,0.0,0.0,0.0,0.0,0.0,0.0,0.0,0.0,0.0,0.0,0.0,0.0,0.0,0.0,0.0,0.0,0.0,0.0,0.0,0.0,0.0,0.0,0.0,0.0,0.0,0.0,0.0,0.0,0.0,0.0,0.0,0.0,0.0,0.0,0.0,0.0,0.0,0.0,0.0,0.0,0.0,0.0,0.0,0.0,0.0,0.0,0.0,0.0,0.0,0.0,0.0,0.0,0.0,0.0,0.0,0.0,0.0,0.0,0.0,0.0,0.0,0.0,0.0,0.0,0.0,0.0,0.0,0.0,0.0,0.0,0.0,0.0,0.0,0.0,0.0,0.0,0.0,0.0,0.0,0.0,0.0,0.0,0.0,0.0,0.0,0.0,0.0,0.0,0.0,0.0,0.0,0.0,0.0,0.0
